Symbol_1,year,employeeCount
T,2023,149900
T,2022,160700
T,2021,203000
T,2020,230000
T,2019,246000
T,2018,268000
T,2017,252000
T,2016,268000
T,2015,281000
T,2014,253000
T,2013,243000
ADSK,2023,13700
ADSK,2022,12600
ADSK,2021,11500
ADSK,2020,10100
ADSK,2019,9600
ADSK,2018,8800
ADSK,2017,9000
ADSK,2016,9500
ADSK,2015,8823
ADSK,2014,7600
ADSK,2013,7300
ADP,2023,63000
ADP,2022,60000
ADP,2021,56000
ADP,2020,58000
ADP,2019,58000
ADP,2018,57000
ADP,2017,58000
ADP,2016,57000
ADP,2015,55000
ADP,2014,61000
ADP,2013,60000
AVY,2023,35000
AVY,2022,0
AVY,2022,36000
AVY,2021,32000
AVY,2019,30000
AVY,2018,30000
AVY,2017,30000
AVY,2016,0
AVY,2016,0
AVY,2015,25000
AVY,2013,26000
BAC,2023,213000
BAC,2021,208000
BK,2022,51700
BK,2021,0
BK,2020,0
BK,2019,48400
BK,2018,51300
BK,2017,52500
BK,2016,52000
BK,2015,51200
BK,2014,50300
BK,2013,51100
BAX,2023,60000
BAX,2022,60000
BAX,2021,60000
BAX,2020,50000
BAX,2019,50000
BAX,2018,50000
BAX,2017,47000
BAX,2016,48000
BAX,2015,50000
BAX,2014,66000
BAX,2013,61000
BDX,2023,73000
BDX,2022,77000
BDX,2021,75000
BDX,2020,72000
BDX,2019,70093
BDX,2018,76032
BDX,2017,41933
BDX,2016,50928
BDX,2015,49517
BDX,2014,30619
BDX,2013,29979
BBY,2023,90000
BBY,2022,105000
BBY,2021,102000
BBY,2020,125000
BBY,2019,125000
BBY,2018,125000
BBY,2017,125000
BBY,2016,125000
BBY,2015,125000
BBY,2014,140000
BIIB,2022,8725
BIIB,2021,9610
BIIB,2020,9100
BIIB,2019,7400
BIIB,2018,7800
BIIB,2017,7300
BIIB,2016,7400
BIIB,2015,7350
BIIB,2014,7550
BIIB,2013,6850
BA,2023,171000
BA,2022,156000
BA,2021,142000
BA,2020,142000
BA,2019,161100
BA,2018,153000
BA,2017,140800
BA,2016,150500
BA,2015,161400
BA,2014,165500
BA,2013,168400
BMY,2023,34100
BMY,2022,34300
BMY,2021,32200
BMY,2020,30250
BMY,2019,30000
BMY,2018,23300
BMY,2017,23700
BMY,2016,25000
BMY,2015,8500
BMY,2014,8500
BMY,2013,8000
BR,2023,280
BR,2022,280
BR,2021,13704
BR,2020,12000
BR,2019,11000
BR,2018,10000
BR,2017,10000
BR,2016,8000
BR,2015,7400
BR,2014,6700
BR,2013,6400
BF-A,2023,5600
BF-A,2022,5200
BF-A,2021,4700
BF-A,2020,4800
BF-A,2019,4700
BF-A,2018,4800
BF-A,2017,4700
BF-A,2016,4600
BF-A,2015,4400
BF-A,2014,4200
BF-A,2013,4000
CPB,2023,14500
CPB,2022,14700
CPB,2021,14100
CPB,2020,14500
CPB,2019,19000
CPB,2018,23000
CPB,2017,18000
CPB,2016,16500
CPB,2015,18600
CPB,2014,19400
CPB,2013,20000
COF,2023,51987
COF,2022,55943
COF,2021,50767
COF,2020,51985
COF,2019,51900
COF,2018,47600
COF,2017,49300
COF,2016,47300
COF,2015,45400
COF,2014,46000
COF,2013,41951
CAH,2023,48000
CAH,2022,46500
CAH,2021,47300
CAH,2020,30000
CAH,2019,31000
CAH,2018,32300
CAH,2017,28000
CAH,2016,26500
CAH,2015,24400
CAH,2014,23900
CAH,2013,24200
CCL,2023,92000
CCL,2022,67000
CCL,2021,30000
CCL,2020,92000
CCL,2019,92000
CCL,2018,88000
CCL,2017,86000
CCL,2016,84600
CCL,2015,82200
CCL,2014,10100
CCL,2013,9700
CELG,2018,8852
CELG,2017,7467
CELG,2016,7132
CELG,2015,6971
CELG,2014,6012
CELG,2013,5100
CNP,2023,0
CNP,2022,1635
CNP,2021,1274
CNP,2020,9541
CNP,2019,14262
CNP,2018,7977
CNP,2017,7977
CNP,2016,7727
CNP,2015,7505
CNP,2014,7427
CNP,2013,8591
CVX,2023,45600
CVX,2022,43846
CVX,2021,42595
CVX,2020,47736
CVX,2019,48200
CVX,2018,48600
CVX,2017,51900
CVX,2016,55200
CVX,2015,61500
CVX,2014,64700
CVX,2013,64600
CSCO,2023,84900
CSCO,2022,83300
CSCO,2021,79500
CSCO,2020,77500
CSCO,2019,75900
CSCO,2018,74200
CSCO,2017,72900
CSCO,2016,73700
CSCO,2015,70000
CSCO,2014,74042
CSCO,2013,75049
CIEN,2023,8483
CIEN,2022,8079
CIEN,2021,7241
CIEN,2020,7032
CIEN,2019,6383
CIEN,2018,6013
CIEN,2017,5737
CIEN,2016,5555
CIEN,2015,5345
CIEN,2014,5161
CIEN,2013,4754
CI,2023,72500
CI,2022,71300
CI,2021,73700
CI,2020,73700
CI,2019,73700
CI,2018,73800
C,2023,239000
C,2022,240000
C,2021,223400
C,2020,210000
C,2019,200000
C,2018,204000
C,2017,209000
C,2016,219000
C,2015,231000
C,2014,241000
C,2013,251000
CIT,2020,4500
CIT,2019,3609
CIT,2018,3678
CIT,2017,4167
CIT,2016,4410
CIT,2015,4900
CIT,2014,3360
CLX,2023,8700
CLX,2022,9000
CLX,2021,9000
CLX,2020,8800
CLX,2019,8800
CLX,2018,8700
CLX,2017,8100
CLX,2016,8000
CLX,2015,7700
CLX,2014,8200
CLX,2013,8400
CMS,2023,8356
CMS,2022,9122
CMS,2021,8504
CMS,2020,8837
CMS,2019,8789
CMS,2018,8625
CMS,2017,7952
CMS,2016,7804
CMS,2015,7804
CMS,2014,7859
CMS,2013,8075
CL,2023,34000
CL,2022,33800
CL,2021,33800
CL,2020,34200
CL,2019,34300
CL,2018,34500
CL,2017,35900
CL,2016,36700
CL,2015,37900
CL,2014,37700
CL,2013,37400
KO,2023,79100
KO,2022,82500
KO,2021,79000
KO,2020,80300
KO,2019,86200
KO,2018,62600
KO,2017,61800
KO,2016,100300
KO,2015,123200
KO,2014,129200
KO,2013,130600
CTSH,2023,347700
CTSH,2022,355300
CTSH,2021,330600
CTSH,2020,289500
CTSH,2019,292500
CTSH,2018,281600
CTSH,2017,260000
CTSH,2016,260200
CTSH,2015,221700
CTSH,2014,211500
CTSH,2013,133000
CMA,2022,7280
CMA,2021,7223
CMA,2020,7429
CMA,2019,7467
CMA,2018,7573
CMA,2017,7691
CMA,2016,7659
CMA,2015,8533
CMA,2014,8499
CMA,2013,8564
CPWR,2023,2
CPWR,2022,2
CPWR,2021,3
CPWR,2020,5
CPWR,2019,5
CPWR,2018,5
CPWR,2017,10
CPWR,2016,2000
CPWR,2015,6
CPWR,2014,0
CPWR,2013,2
CAG,2023,18600
CAG,2022,18000
CAG,2021,18600
CAG,2020,16500
CAG,2019,18000
CAG,2018,12400
CAG,2017,12600
CAG,2016,20900
CAG,2015,32900
CAG,2014,32800
CAG,2013,34840
COP,2023,9900
COP,2022,9500
COP,2021,9900
COP,2020,9700
COP,2019,10400
COP,2018,10800
COP,2017,11400
COP,2016,13300
COP,2015,15900
COP,2014,19100
COP,2013,18400
CNX,2023,470
CNX,2022,466
CNX,2021,441
CNX,2020,451
CNX,2019,467
CNX,2018,564
CNX,2017,561
CNX,2016,2307
CNX,2015,3114
CNX,2014,3834
CNX,2013,4633
ED,2023,14592
ED,2022,14319
ED,2021,13871
ED,2020,14071
ED,2019,50
ED,2018,0
ED,2017,0
ED,2016,0
ED,2015,0
ED,2014,48
ED,2013,0
STZ,2023,10700
STZ,2022,10000
STZ,2021,9300
STZ,2020,9000
STZ,2019,9800
STZ,2018,9600
STZ,2017,8700
STZ,2016,9000
STZ,2015,7200
STZ,2014,6300
STZ,2013,4500
CSX,2023,23000
CSX,2022,22500
CSX,2021,20900
CSX,2020,19300
CSX,2019,17000
CSX,2018,22500
CSX,2017,24000
CSX,2016,27000
CSX,2015,29000
CSX,2014,32000
CSX,2013,31000
CMI,2023,75500
CMI,2022,73600
CMI,2021,59900
CMI,2020,57825
CMI,2019,61615
CMI,2018,62610
CMI,2017,58600
CMI,2016,55400
CMI,2015,55200
CMI,2014,54600
CMI,2013,47900
CVS,2023,300000
CVS,2022,300000
CVS,2021,300000
CVS,2020,300000
CVS,2019,290000
CVS,2018,295000
CVS,2017,246000
CVS,2016,250000
CVS,2015,243000
CVS,2014,217800
CVS,2013,208000
DRI,2023,0
DRI,2022,0
DRI,2021,0
DRI,2020,177000
DRI,2019,185000
DRI,2018,180000
DRI,2017,175000
DRI,2016,150000
DRI,2015,150000
DRI,2014,206000
DRI,2013,206000
DE,2023,82956
DE,2022,82239
DE,2021,75550
DE,2020,69634
DE,2019,73489
DE,2018,74413
DE,2017,60476
DE,2016,56767
DE,2015,57180
DE,2014,59623
DE,2013,67000
DAL,2023,103000
DAL,2022,95000
DAL,2021,83000
DAL,2020,74000
DAL,2019,91000
DAL,2018,89000
DAL,2017,87000
DAL,2016,84000
DAL,2015,83000
DAL,2014,80000
DAL,2013,78000
DELL,2023,133000
DELL,2022,133000
DELL,2021,158000
DELL,2020,165000
DELL,2019,157000
DELL,2018,145000
DELL,2017,138000
DVN,2023,1900
DVN,2022,1800
DVN,2021,1600
DVN,2020,1400
DVN,2019,1800
DVN,2018,2900
DVN,2017,4900
DVN,2016,5000
DVN,2015,6600
DVN,2014,6600
DVN,2013,5900
DOW,2023,35900
DOW,2022,37800
DOW,2021,35700
DOW,2020,35700
DOW,2019,36500
DTE,2023,9950
DTE,2022,10250
DTE,2021,10300
DTE,2020,10600
DTE,2019,10700
DTE,2018,10600
DTE,2017,10200
DTE,2016,10000
DTE,2015,10000
DTE,2014,10000
DTE,2013,9900
DD,2023,24000
DD,2022,23000
DD,2021,28000
DD,2020,34000
DD,2019,35000
DD,2018,98000
DD,2017,98000
ECL,2023,48000
ECL,2022,47000
ECL,2021,47000
ECL,2020,44000
ECL,2019,50200
ECL,2018,49000
ECL,2017,48400
ECL,2016,47565
ECL,2015,47000
ECL,2014,47000
ECL,2013,45415
KODK,2023,4000
KODK,2022,4200
KODK,2021,4200
KODK,2020,4500
KODK,2019,4922
KODK,2018,5400
KODK,2017,5800
KODK,2016,6100
KODK,2015,6400
KODK,2014,7300
KODK,2013,8800
ETN,2023,94000
ETN,2022,92000
ETN,2021,86000
ETN,2020,92000
ETN,2019,101000
ETN,2018,99000
ETN,2017,96000
ETN,2016,95000
ETN,2015,97000
ETN,2014,102000
ETN,2013,102000
EBAY,2023,12300
EBAY,2022,11600
EBAY,2021,10800
EBAY,2020,12700
EBAY,2019,13300
EBAY,2018,14000
EBAY,2017,14100
EBAY,2016,12600
EBAY,2015,11600
EBAY,2014,34600
EBAY,2013,33500
LLY,2023,43000
LLY,2022,39000
LLY,2021,35000
LLY,2020,35000
LLY,2019,33625
LLY,2018,38680
LLY,2017,40655
LLY,2016,41975
LLY,2015,41275
LLY,2014,39135
LLY,2013,37925
ETR,2023,12177
ETR,2022,12000
ETR,2021,12369
ETR,2020,13400
ETR,2019,13635
ETR,2018,13688
ETR,2017,13504
ETR,2016,13513
ETR,2015,13579
ETR,2014,13000
ETR,2013,14000
EBS,2023,1600
EBS,2021,2416
EBS,2020,2200
EBS,2019,1834
EBS,2018,1705
EBS,2017,1256
EBS,2016,1098
EBS,2015,1292
EBS,2014,1280
EBS,2013,1353
EL,2023,62000
EL,2022,1250
EL,2021,1000
EL,2020,930
EL,2019,850
EL,2018,730
EL,2017,760
EL,2016,800
EL,2015,750
EL,2014,700
EL,2013,500
EXC,2023,19962
EXC,2022,19063
EXC,2021,31518
EXC,2020,32340
EXC,2019,0
EXC,2018,33383
EXC,2017,34621
EXC,2016,34396
EXC,2015,29762
EXC,2014,28993
EXC,2013,25829
XOM,2023,61500
XOM,2022,62300
XOM,2021,63000
XOM,2020,72000
XOM,2019,74900
XOM,2018,71000
XOM,2017,69600
XOM,2016,71100
XOM,2015,73500
XOM,2014,75300
XOM,2013,75000
FITB,2023,18724
FITB,2022,19319
FITB,2021,19112
FITB,2020,19872
FITB,2019,19869
FITB,2018,17437
FITB,2017,18125
FITB,2016,17844
FITB,2015,18261
FITB,2014,18351
FITB,2013,19446
FDX,2023,188000
FDX,2022,191000
FDX,2021,228000
FDX,2020,183000
FDX,2019,177000
FDX,2018,166000
FDX,2017,117000
FDX,2016,115000
FDX,2015,114000
FDX,2014,112000
FDX,2013,112000
FSLR,2023,6700
FSLR,2022,5500
FSLR,2021,4800
FSLR,2020,5100
FSLR,2019,6600
FSLR,2018,6400
FSLR,2017,4100
FSLR,2016,5400
FSLR,2015,6350
FSLR,2014,6060
FSLR,2013,4850
FLR,2023,20340
FLR,2022,19573
FLR,2021,19529
FLR,2020,24203
FLR,2019,27653
FLR,2018,32272
FLR,2017,31951
FLR,2016,61551
FLR,2015,43087
FLR,2014,43087
FLR,2013,43087
BEN,2023,9200
BEN,2022,9800
BEN,2021,10300
BEN,2020,11800
BEN,2019,9600
BEN,2018,9700
BEN,2017,9400
BEN,2016,9100
BEN,2015,9500
BEN,2014,9300
BEN,2013,9000
GPS,2023,95000
GPS,2022,97000
GPS,2021,117000
GPS,2020,129000
GPS,2019,135000
GPS,2018,135000
GPS,2017,135000
GPS,2016,141000
GPS,2015,141000
GPS,2014,137000
GPS,2013,136000
GIS,2023,34000
GIS,2022,32500
GIS,2021,35000
GIS,2020,35000
GIS,2019,40000
GIS,2018,40000
GIS,2017,38000
GIS,2016,39000
GIS,2015,42000
GIS,2014,43000
GIS,2013,41000
GM,2023,76000
GM,2022,81000
GM,2021,74000
GM,2020,68000
GM,2019,95000
GM,2018,76000
GM,2017,77000
GM,2016,90000
GM,2015,85000
GM,2014,80000
GM,2013,77000
GE,2023,125000
GE,2022,172000
GE,2021,168000
GE,2020,174000
GE,2019,205000
GE,2018,283000
GE,2017,313000
GE,2016,295000
GE,2015,333000
GE,2015,305000
GE,2013,307000
GNW,2023,2700
GNW,2022,2500
GNW,2021,2500
GNW,2020,3000
GNW,2019,3100
GNW,2018,3500
GNW,2017,3500
GNW,2016,3400
GNW,2015,4100
GNW,2014,5300
GNW,2013,5000
GS,2023,45300
GS,2022,48500
GS,2021,43900
GOOG,2023,182502
GOOG,2022,190234
GOOG,2021,156500
GOOG,2020,135301
GOOG,2019,118899
GOOG,2018,98771
GOOG,2017,80110
GOOG,2016,72053
GOOG,2015,61814
GT,2023,71000
GT,2022,74000
GT,2021,72000
GT,2020,62000
GT,2019,63000
GT,2018,64000
GT,2017,64000
GT,2016,66000
GT,2015,66000
GT,2014,67000
GT,2013,69000
HAL,2023,48000
HAL,2022,45000
HAL,2021,40000
HAL,2020,40000
HAL,2019,55000
HAL,2018,60000
HAL,2017,55000
HAL,2016,50000
HAL,2015,65000
HAL,2014,80000
HAL,2013,77000
HIG,2022,18800
HIG,2021,18100
HIG,2020,18500
HIG,2019,19500
HIG,2018,18500
HIG,2017,16400
HIG,2016,16900
HIG,2015,17400
HIG,2014,17500
HIG,2013,18800
HAS,2022,6490
HAS,2021,6640
HAS,2020,6822
HAS,2019,5600
HAS,2018,5800
HAS,2017,5400
HAS,2016,5400
HAS,2015,5000
HAS,2014,5200
HAS,2013,5000
HES,2023,1756
HES,2022,1623
HES,2021,1545
HES,2020,1621
HES,2019,1775
HES,2018,1708
HES,2017,2075
HES,2016,2304
HES,2015,2770
HES,2014,0
HES,2013,0
HD,2023,471600
HD,2022,490600
HD,2021,504800
HD,2020,415700
HD,2019,413000
HD,2018,413000
HD,2017,406000
HD,2016,385000
HD,2015,371000
HD,2014,365000
HD,2013,340000
HST,2023,163
HST,2022,165
HST,2021,160
HST,2020,163
HST,2019,175
HST,2018,184
HST,2017,205
HST,2016,220
HST,2015,240
HST,2014,251
HST,2013,242
HUM,2023,67600
HUM,2022,67100
HUM,2021,95500
HUM,2020,48700
HUM,2019,46000
HUM,2018,41600
HUM,2017,45900
HUM,2016,51600
HUM,2015,50100
HUM,2014,57000
HUM,2013,52000
IR,2023,18000
IR,2022,17000
IR,2021,16000
IR,2020,15900
IR,2019,6600
IR,2018,6700
IR,2017,6400
IBM,2023,282200
IBM,2021,282100
IBM,2020,345900
IBM,2019,352600
IBM,2018,350600
IBM,2017,366600
IBM,2016,380300
IBM,2015,377757
IBM,2014,379592
IBM,2013,431212
INTC,2023,124800
INTC,2021,121100
INTC,2020,110600
INTC,2019,110800
INTC,2018,50000
INTC,2017,102700
INTC,2016,106000
INTC,2015,107300
INTC,2014,106700
INTC,2013,107600
IVZ,2023,8500
IVZ,2022,8611
IVZ,2021,8513
IVZ,2020,8512
IVZ,2019,8821
IVZ,2018,7459
IVZ,2017,7030
IVZ,2016,6790
IVZ,2015,6490
IVZ,2014,6264
IVZ,2013,5932
IFF,2023,21500
IFF,2022,24600
IFF,2021,24000
IFF,2020,13700
IFF,2019,13600
IFF,2018,13000
IFF,2017,7300
IFF,2016,6900
IFF,2015,6700
IFF,2014,6200
IFF,2013,6000
IP,2023,39000
IP,2022,39000
IP,2021,38200
IP,2020,49300
IP,2019,51000
IP,2018,53000
IP,2017,56000
IP,2016,55000
IP,2015,56000
IP,2014,58000
IP,2013,69000
INTU,2023,18200
INTU,2022,17300
INTU,2021,13500
INTU,2020,10600
INTU,2019,9400
INTU,2018,8900
INTU,2017,8200
INTU,2016,7900
INTU,2015,985
INTU,2014,8000
INTU,2013,8000
JBL,2023,95000
JBL,2022,82000
JBL,2021,238000
JBL,2020,240000
JBL,2019,200000
JBL,2018,199000
JBL,2017,170000
JBL,2016,138000
JBL,2015,161000
JBL,2014,142000
JBL,2013,177000
VIAV,2023,3600
VIAV,2022,3600
VIAV,2021,3600
VIAV,2020,3600
VIAV,2019,3600
VIAV,2018,3500
VIAV,2017,2700
VIAV,2016,3000
VIAV,2015,4900
VIAV,2014,5100
VIAV,2013,4900
JNJ,2023,131900
JNJ,2023,152700
JNJ,2022,141700
JNJ,2021,134500
JNJ,2019,132200
JNJ,2018,135100
JNJ,2017,134000
JNJ,2017,126400
JNJ,2016,127100
JNJ,2014,126500
JNJ,2013,128100
JLL,2023,106
JLL,2022,103
JLL,2021,98
JLL,2020,93
JLL,2019,93
JLL,2018,90000
JLL,2017,82000
JLL,2016,77000
JLL,2015,60000
JLL,2014,58100
JLL,2013,52700
JPM,2023,309926
JPM,2022,293723
JPM,2021,271025
JNPR,2023,11144
JNPR,2022,10901
JNPR,2021,10191
JNPR,2020,9950
JNPR,2019,9419
JNPR,2018,9283
JNPR,2017,9381
JNPR,2016,9832
JNPR,2015,9058
JNPR,2014,8806
JNPR,2013,9483
K,2023,23000
K,2022,30000
K,2022,31000
K,2021,31000
K,2019,31000
K,2018,34000
K,2017,33000
K,2016,37369
K,2016,33577
K,2015,29790
K,2013,30277
KEY,2023,17333
KEY,2022,18891
KEY,2021,17654
KEY,2020,16826
KEY,2019,17045
KEY,2018,18180
KEY,2017,18415
KEY,2016,15700
KEY,2015,13483
KEY,2014,13853
KEY,2013,14783
KIM,2023,660
KIM,2022,639
KIM,2021,606
KIM,2020,484
KIM,2019,502
KIM,2018,533
KIM,2017,546
KIM,2016,551
KIM,2015,546
KIM,2014,580
KIM,2013,597
KMB,2023,41000
KMB,2022,44000
KMB,2021,45000
KMB,2020,46000
KMB,2019,40000
KMB,2018,41000
KMB,2017,42000
KMB,2016,42000
KMB,2015,43000
KMB,2014,43000
KMB,2013,57000
KSS,2023,2022
KSS,2022,2021
KSS,2021,2020
KSS,2020,2019
KSS,2019,0
KSS,2018,0
KSS,2017,138000
KSS,2016,140000
KSS,2015,137000
KSS,2014,137000
KSS,2013,135000
LVS,2023,38700
LVS,2022,35700
LVS,2021,44700
LVS,2020,46000
LVS,2019,50000
LVS,2018,51500
LVS,2017,50500
LVS,2016,49000
LVS,2015,46500
LVS,2014,48500
LVS,2013,48500
LEVI,2023,19100
LEVI,2022,18000
LEVI,2021,16600
LEVI,2020,14800
LEVI,2019,15800
LEVI,2018,15100
LEVI,2017,13800
LEVI,2016,13200
LEVI,2015,12500
LEVI,2014,15000
LEVI,2013,16000
LMT,2023,122000
LMT,2022,116000
LMT,2021,114000
LMT,2020,114000
LMT,2019,110000
LMT,2018,105000
LMT,2017,100000
LMT,2016,97000
LMT,2015,126000
LMT,2014,112000
LMT,2013,115000
LOW,2023,182000
LOW,2022,200000
LOW,2021,220000
LOW,2020,200000
LOW,2019,190000
LOW,2018,200000
LOW,2017,190000
LOW,2016,180000
LOW,2015,175000
LOW,2014,167000
LOW,2013,160000
LSI,2022,2508
LSI,2021,2241
LSI,2020,2078
LSI,2019,1943
LSI,2018,1953
LSI,2017,1792
LSI,2016,1537
LSI,2015,1429
LSI,2014,1378
LSI,2013,1268
MAR,2023,148000
MAR,2022,140000
MAR,2021,120000
MAR,2020,121000
MAR,2019,174000
MAR,2018,176000
MAR,2017,177000
MAR,2016,226500
MAR,2015,127500
MAR,2014,123500
MAR,2013,123000
MMC,2023,18000
MMC,2021,48800
MMC,2020,44100
MMC,2019,76000
MMC,2018,65000
MMC,2017,65000
MMC,2016,32600
MMC,2015,32600
MMC,2014,30800
MMC,2013,29000
MRVL,2023,7448
MRVL,2022,6729
MAS,2023,18000
MAS,2022,19000
MAS,2021,20000
MAS,2020,18000
MAS,2019,18000
MAS,2018,26000
MAS,2017,26000
MAS,2016,26000
MAS,2015,25000
MAS,2014,32000
MAS,2013,32000
MAT,2023,33000
MAT,2022,33900
MAT,2021,36300
MAT,2020,32100
MAT,2019,24000
MAT,2018,27000
MAT,2017,28000
MAT,2016,32000
MAT,2015,31000
MAT,2014,31000
MAT,2013,29000
SPGI,2023,40450
SPGI,2022,39950
SPGI,2021,22850
SPGI,2020,23000
SPGI,2019,22500
SPGI,2018,21200
SPGI,2017,20400
SPGI,2016,20000
SPGI,2015,20400
SPGI,2014,17000
SPGI,2013,17000
MDT,2023,0
MDT,2022,2014
MDT,2021,0
MDT,2020,90000
MDT,2019,90000
MDT,2018,86000
MDT,2017,91000
MDT,2016,88000
MDT,2015,92000
MRK,2023,72000
MRK,2022,69000
MRK,2021,68000
MRK,2020,74000
MRK,2019,71000
MRK,2018,69000
MRK,2017,69000
MRK,2016,68000
MRK,2015,68000
MRK,2014,70000
MRK,2013,76000
MSFT,2023,221000
MSFT,2022,221000
MSFT,2021,181000
MSFT,2020,163000
MSFT,2019,144000
MSFT,2018,131000
MSFT,2017,124000
MSFT,2016,114000
MSFT,2015,118000
MSFT,2014,128000
MSFT,2013,99000
MON,2021,5
MON,2020,5
TAP,2023,16500
TAP,2022,16600
TAP,2021,16300
TAP,2020,17000
TAP,2019,17700
TAP,2018,17750
TAP,2017,17200
TAP,2016,17400
TAP,2015,9100
TAP,2014,9100
TAP,2013,9250
MOS,2023,14049
MOS,2022,13570
MOS,2021,12525
MOS,2020,12617
MOS,2019,12600
MOS,2018,12900
MOS,2017,8500
MOS,2016,8700
MOS,2015,8900
MOS,2014,9100
MOS,2013,8400
MS,2023,80000
MS,2022,82000
MS,2021,75000
MGPI,2023,705
MGPI,2022,690
MGPI,2021,672
MGPI,2020,360
MGPI,2019,341
MGPI,2018,332
MGPI,2017,317
MGPI,2016,311
MGPI,2015,293
MGPI,2014,268
MGPI,2013,267
NDAQ,2023,8525
NDAQ,2022,6377
NDAQ,2021,5814
NDAQ,2020,4830
NDAQ,2019,4361
NDAQ,2018,4099
NDAQ,2017,4734
NDAQ,2016,4325
NDAQ,2015,3824
NDAQ,2014,3687
NDAQ,2013,3365
NTAP,2023,12000
NTAP,2022,12000
NTAP,2021,11000
NTAP,2020,10800
NTAP,2019,10500
NTAP,2018,10300
NTAP,2017,10100
NTAP,2016,12030
NTAP,2015,12810
NTAP,2014,12490
NTAP,2013,13060
NEM,2023,21700
NEM,2022,14600
NEM,2021,14400
NEM,2020,14300
NEM,2019,16600
NEM,2018,12400
NEM,2017,12547
NEM,2016,12400
NEM,2015,15600
NEM,2014,13700
NEM,2013,15085
FOX,2023,10400
FOX,2022,10600
FOX,2021,9000
FOX,2020,9000
FOX,2019,7700
NI,2023,7364
NI,2022,7117
NI,2021,7272
NI,2020,7301
NI,2019,8363
NI,2018,8087
NI,2017,8175
NI,2016,8007
NI,2015,7596
NI,2014,8982
NI,2013,8477
NSC,2023,20300
NSC,2022,18900
NSC,2021,18500
NSC,2020,20200
NSC,2019,0
NSC,2018,0
NSC,2017,0
NSC,2016,0
NSC,2015,0
NSC,2014,0
NSC,2013,0
ES,2023,10171
ES,2022,9626
ES,2021,9227
ES,2020,9299
ES,2019,8234
ES,2018,7998
ES,2017,8084
ES,2016,7762
ES,2015,7943
ES,2014,8248
ES,2013,8697
NTRS,2023,23100
NTRS,2022,23600
NTRS,2021,21100
NTRS,2020,20900
NTRS,2019,19800
NTRS,2018,18800
NTRS,2017,18100
NTRS,2016,17100
NTRS,2015,16200
NTRS,2014,15400
NTRS,2013,14800
NOC,2023,101000
NOC,2022,95000
NOC,2021,88000
NOC,2020,97000
NOC,2019,90000
NOC,2018,85000
NOC,2017,70000
NOC,2016,67000
NOC,2015,65000
NOC,2014,64300
NOC,2013,65300
NRG,2023,18131
NRG,2022,6603
NRG,2021,6635
NRG,2020,4104
NRG,2019,4577
NRG,2018,4862
NRG,2017,5940
NRG,2016,0
NRG,2015,10468
NRG,2014,9806
NRG,2013,7786
NVDA,2023,26196
NVDA,2022,22473
NVDA,2021,18975
NVDA,2020,13775
NVDA,2019,13277
NVDA,2018,11528
NVDA,2017,10299
NVDA,2016,9227
NVDA,2015,9228
NVDA,2014,8808
NVDA,2013,7974
POST,2023,11430
POST,2022,10420
POST,2021,10735
POST,2020,10200
POST,2019,10100
POST,2018,11550
POST,2017,11410
POST,2016,8700
POST,2015,8500
POST,2014,7950
POST,2013,1600
OMC,2023,75900
OMC,2022,74200
OMC,2021,71700
OMC,2020,64100
OMC,2019,70000
OMC,2018,70400
OMC,2017,77300
OMC,2016,78500
OMC,2015,74900
OMC,2014,74000
OMC,2013,71800
ST,2023,0
ST,2022,0
ST,2021,21300
ST,2020,19200
ST,2019,21050
ST,2018,21650
ST,2017,22100
ST,2016,20300
ST,2015,19650
ST,2014,17150
ST,2013,12100
ORCL,2023,164000
ORCL,2022,143000
ORCL,2021,132000
ORCL,2020,135000
ORCL,2019,136000
ORCL,2018,137000
ORCL,2017,138000
ORCL,2016,136000
ORCL,2015,132000
ORCL,2014,122000
ORCL,2013,120000
ORA,2023,1576
ORA,2022,1480
ORA,2021,1385
ORA,2020,1402
ORA,2019,1408
ORA,2018,1346
ORA,2017,1303
ORA,2016,1180
ORA,2015,1060
ORA,2014,1095
ORA,2013,1123
OC,2023,18000
OC,2022,19000
OC,2021,20000
OC,2020,19000
OC,2019,19000
OC,2018,20000
OC,2017,17000
OC,2016,16000
OC,2015,15000
OC,2014,14000
OC,2013,15000
PH,2023,62730
PH,2022,55090
PH,2021,54640
PH,2020,50520
PH,2019,55610
PH,2018,57170
PH,2017,56690
PH,2016,48950
PH,2015,54750
PH,2014,57450
PH,2013,58150
PKI,2023,11500
PKI,2023,16700
PKI,2022,16700
PKI,2021,14000
PKI,2019,13000
PKI,2018,12500
PKI,2017,11000
PKI,2017,8000
PKI,2016,8000
PKI,2014,7700
PKI,2013,7600
PEP,2023,318000
PEP,2022,315000
PEP,2021,309000
PEP,2020,291000
PEP,2019,267000
PEP,2018,267000
PEP,2017,263000
PEP,2016,264000
PEP,2015,263000
PEP,2014,271000
PEP,2013,274000
PCG,2023,28000
PCG,2022,26000
PCG,2021,26000
PCG,2020,24000
PCG,2019,23000
PCG,2018,24000
PCG,2017,23000
PCG,2016,24000
PCG,2015,23000
PCG,2014,22581
PCG,2013,21166
PFE,2023,88000
PFE,2022,83000
PFE,2021,79000
PFE,2020,78500
PFE,2019,88300
PFE,2018,92400
PFE,2017,90200
PFE,2016,96500
PFE,2015,97900
PFE,2014,78300
PFE,2013,77700
PM,2023,82700
PM,2022,79800
PM,2021,69600
PM,2020,71000
PM,2019,73500
PM,2018,77400
PM,2017,80600
PM,2016,79500
PM,2015,80200
PM,2014,82500
PM,2013,91100
PBI,2023,10500
PBI,2022,11000
PBI,2021,11500
PBI,2020,11500
PBI,2019,11000
PBI,2018,13300
PBI,2017,14700
PBI,2016,14200
PBI,2015,10500
PBI,2014,10600
PBI,2013,11400
PNC,2023,54813
PNC,2022,59894
PNC,2021,57668
PNC,2020,49549
PNC,2019,50017
PNC,2018,50928
PNC,2017,50358
PNC,2016,49360
PNC,2015,49148
PNC,2014,49745
PNC,2013,49921
PX,2023,252
PX,2022,234
PX,2021,180
PFG,2023,19800
PFG,2022,19300
PFG,2021,18600
PFG,2020,17400
PFG,2019,17601
PFG,2018,16475
PFG,2017,15378
PFG,2016,14854
PFG,2015,14895
PFG,2014,14873
PFG,2013,14792
PLD,2023,29700
PLD,2022,21000
PLD,2021,0
PLD,2020,25000
PLD,2019,0
PLD,2018,0
PLD,2017,0
PLD,2016,0
PLD,2015,0
PLD,2014,1505
PLD,2013,452
PRU,2023,0
PRU,2022,5000
PRU,2021,5000
PRU,2020,0
PRU,2019,51511
PRU,2018,50492
PRU,2017,49705
PRU,2016,49739
PRU,2015,49384
PRU,2014,48331
PRU,2013,47355
DGX,2023,48000
DGX,2022,49000
DGX,2021,49000
DGX,2020,49000
DGX,2019,47000
DGX,2018,46000
DGX,2017,45000
DGX,2016,43000
DGX,2015,44000
DGX,2014,45000
DGX,2013,41000
REE,2023,244
REE,2022,291
REE,2021,270
REE,2021,0
ROK,2023,29000
ROK,2022,26000
ROK,2021,24500
ROK,2020,23500
ROK,2019,23000
ROK,2018,23000
ROK,2017,22000
ROK,2016,22000
ROK,2015,22500
ROK,2014,22500
ROK,2013,22000
RCL,2023,98200
RCL,2022,102500
RCL,2021,85000
RCL,2020,85000
RCL,2019,85400
RCL,2018,77000
RCL,2017,66000
RCL,2016,66000
RCL,2015,66000
RCL,2014,64000
RCL,2013,64000
SPG,2023,3000
SPG,2022,3300
SPG,2021,3300
SPG,2020,3300
SPG,2019,4500
SPG,2018,5000
SPG,2017,5000
SPG,2016,5000
SPG,2015,5000
SPG,2014,5250
SPG,2013,5700
LUV,2023,74806
LUV,2022,66656
LUV,2021,55100
LUV,2020,56500
LUV,2019,60800
LUV,2018,58800
LUV,2017,56100
LUV,2016,53500
LUV,2015,49600
LUV,2014,46278
LUV,2013,44831
SE,2023,62700
SE,2022,63800
SE,2021,67300
SE,2020,33800
SE,2019,29800
SE,2018,22600
SE,2017,10164
S,2023,2100
S,2022,380
SBUX,2023,381000
SBUX,2022,402000
SBUX,2021,383000
SBUX,2020,349000
SBUX,2019,346000
SBUX,2018,291000
SBUX,2017,277000
SBUX,2016,254000
SBUX,2015,238000
SBUX,2014,191000
SBUX,2013,182000
SWK,2023,50500
SWK,2022,54200
SWK,2022,71300
SWK,2021,53100
SWK,2019,59438
SWK,2018,60767
SWK,2017,57765
SWK,2016,54023
SWK,2016,51250
SWK,2015,50400
SWK,2013,50700
STT,2023,46000
STT,2022,42000
STT,2021,39000
STT,2020,39000
STT,2019,39000
STT,2018,40000
STT,2017,0
STT,2016,0
SCS,2023,11900
SCS,2022,11800
SCS,2021,11100
SCS,2020,12700
SCS,2019,12700
SCS,2018,7800
SCS,2017,7900
SCS,2016,7300
SCS,2015,7000
SCS,2014,6800
SCS,2013,6500
SYY,2023,72000
SYY,2022,71000
SYY,2021,58000
SYY,2020,57000
SYY,2019,69000
SYY,2018,67000
SYY,2017,66500
SYY,2016,51900
SYY,2015,51700
SYY,2014,50300
SYY,2013,48100
TROW,2023,7868
TROW,2022,7529
TROW,2021,7529
TROW,2020,7678
TROW,2019,7022
TROW,2018,6881
TROW,2017,6329
TROW,2016,5999
TROW,2015,5999
TROW,2014,5668
TROW,2013,5372
TGT,2023,440000
TGT,2022,450000
TGT,2021,409000
TGT,2020,368000
TGT,2019,360000
TGT,2018,345000
TGT,2017,323000
TGT,2016,341000
TGT,2015,347000
TGT,2014,366000
TGT,2013,361000
TER,2023,6500
TER,2022,6500
TER,2021,5900
TER,2020,5500
TER,2019,5400
TER,2018,4900
TER,2017,4500
TER,2016,4300
TER,2015,4100
TER,2014,3900
TER,2013,3800
HSY,2023,18650
HSY,2022,18075
HSY,2021,16620
HSY,2020,15200
HSY,2019,14520
HSY,2018,14930
HSY,2017,15360
HSY,2016,16300
HSY,2015,19060
HSY,2014,20800
HSY,2013,12600
TJX,2023,329000
TJX,2022,340000
TJX,2021,320000
TJX,2020,286000
TJX,2019,270000
TJX,2018,249000
TJX,2017,235000
TJX,2016,216000
TJX,2015,198000
TJX,2014,191000
TJX,2013,179000
UAL,2023,103300
UAL,2022,92795
UAL,2021,84100
UAL,2020,74400
UAL,2019,96000
UAL,2018,92000
UAL,2017,89800
UAL,2016,88000
UAL,2015,84000
UAL,2014,84000
UAL,2013,87000
USB,2023,75465
USB,2022,78192
USB,2021,68796
USB,2020,68108
USB,2019,69651
USB,2018,73333
USB,2017,72402
USB,2016,71191
USB,2015,65433
USB,2014,66750
USB,2013,65565
UIS,2023,16500
UIS,2022,16200
UIS,2021,16300
UIS,2020,17200
UIS,2019,21000
UIS,2018,22000
UIS,2017,20000
UIS,2016,21000
UIS,2015,23000
UIS,2014,23200
UIS,2013,22800
UNP,2023,32973
UNP,2022,33179
UNP,2021,32124
UNP,2020,30960
UNP,2019,37483
UNP,2018,41967
UNP,2017,41992
UNP,2016,42919
UNP,2015,47457
UNP,2014,47201
UNP,2013,46445
UNH,2022,400000
UNH,2021,350000
UNH,2020,330000
UNH,2019,325000
UNH,2018,300000
UNH,2017,260000
UNH,2016,230000
UNH,2015,200000
UNH,2014,170000
UNH,2013,156000
UPS,2023,500000
UPS,2022,536000
UPS,2021,534000
UPS,2020,543000
UPS,2019,495000
UPS,2018,481000
UPS,2017,454000
UPS,2016,434000
UPS,2015,444000
UPS,2014,435000
UPS,2013,253000
X,2023,21803
X,2022,22740
X,2021,24540
X,2020,23350
X,2019,27500
X,2018,29000
X,2017,29200
X,2016,29800
X,2015,33200
X,2014,35500
X,2013,38500
UNM,2023,10812
UNM,2022,10937
UNM,2021,10300
UNM,2020,10700
UNM,2019,10300
UNM,2018,9600
UNM,2017,9400
UNM,2016,9400
UNM,2015,9400
UNM,2014,9500
UNM,2013,9200
VER,2020,160
VER,2019,160
VER,2018,180
VER,2017,330
VER,2016,350
VER,2015,350
VER,2014,400
VER,2013,12
VZ,2023,105400
VZ,2022,117100
VZ,2021,118400
VZ,2020,132200
VZ,2019,135000
VZ,2018,144500
VZ,2017,155400
VZ,2016,160900
VZ,2015,177700
VZ,2014,177300
VZ,2013,176800
VC,2023,10000
VC,2022,10000
VC,2021,10000
VC,2020,10000
VC,2019,6000
VC,2018,6000
VC,2017,5000
VC,2016,5000
VC,2015,5000
VC,2014,9500
VC,2013,8000
DIS,2023,225000
DIS,2022,220000
DIS,2021,190000
DIS,2020,203000
DIS,2019,223000
WMT,2023,2100000
WMT,2022,2300000
WMT,2021,2300000
WMT,2020,2200000
WMT,2019,2200000
WMT,2018,2300000
WMT,2017,2300000
WMT,2016,2300000
WMT,2015,2200000
WMT,2014,2200000
WMT,2013,2200000
WM,2023,48000
WM,2022,49500
WM,2021,48500
WM,2020,48250
WM,2019,44900
WM,2018,43700
WM,2017,42300
WM,2016,41200
WM,2015,40600
WM,2014,39800
WM,2013,42700
WAT,2023,7900
WAT,2022,7400
WAT,2021,7800
WAT,2020,7400
WAT,2019,7500
WAT,2018,7200
WAT,2017,7000
WAT,2016,6900
WAT,2015,6600
WAT,2014,6200
WAT,2013,6000
WFC,2023,226000
WFC,2022,238000
WFC,2021,247848
WFC,2020,268531
WFC,2019,0
WFC,2018,0
WY,2023,9318
WY,2022,9264
WY,2021,9214
WY,2020,9372
WY,2019,9400
WY,2018,9300
WY,2017,9300
WY,2016,10400
WY,2015,12600
WY,2014,12800
WY,2013,13700
WHR,2023,59000
WHR,2022,61000
WHR,2021,69000
WHR,2020,78000
WHR,2019,77000
WHR,2018,92000
WHR,2017,92000
WHR,2016,93000
WHR,2015,97000
WHR,2014,100000
WHR,2013,69000
XRX,2023,20100
XRX,2022,20500
XRX,2021,23300
XRX,2020,24700
XRX,2019,27000
XEL,2023,11311
XEL,2022,11982
XEL,2021,11321
XEL,2020,11367
XEL,2019,11273
XEL,2018,11043
XEL,2017,11075
XEL,2016,11440
XEL,2015,11601
XEL,2014,11589
XEL,2013,11457
YUM,2023,35000
YUM,2022,36000
YUM,2021,36000
YUM,2020,38000
YUM,2019,34000
YUM,2018,34000
YUM,2017,60000
YUM,2016,90000
YUM,2015,505000
YUM,2014,537000
YUM,2013,539000
ACN,2023,733000
ACN,2022,721000
ACN,2021,624000
ACN,2020,506000
ACN,2019,492000
ACN,2018,459000
ACN,2017,425000
ACN,2016,384000
ACN,2015,358000
ACN,2014,305000
ACN,2013,275000
CB,2023,40000
CB,2022,34000
CB,2021,31000
CB,2020,31000
CB,2019,33000
CB,2018,32700
CB,2017,31000
CB,2016,31000
CB,2015,22000
CB,2014,21000
CB,2013,20000
DOX,2023,6000
DOX,2022,6000
DOX,2021,6000
DOX,2020,6000
DOX,2019,16
DOX,2018,17
DOX,2017,15
DOX,2016,16
DOX,2015,16
DOX,2014,14
DOX,2013,16
SJM,2023,1100
SJM,2022,150
SJM,2021,160
SJM,2020,7300
SJM,2019,7400
SJM,2018,7000
SJM,2017,7140
SJM,2016,6910
SJM,2015,7370
SJM,2014,4775
SJM,2013,4875
IRM,2023,27000
IRM,2022,26000
IRM,2021,25000
IRM,2020,24000
IRM,2019,25000
IRM,2018,26000
IRM,2017,24000
IRM,2016,24000
IRM,2015,20000
IRM,2014,20000
IRM,2013,19500
JBHT,2023,34718
JBHT,2022,37151
JBHT,2021,33045
JBHT,2020,30309
JBHT,2019,29056
JBHT,2018,27621
JBHT,2017,24681
JBHT,2016,22190
JBHT,2015,21562
JBHT,2014,20158
JBHT,2013,18467
LULU,2023,34000
LULU,2022,29000
LULU,2021,25000
LULU,2020,19000
LULU,2019,15700
LULU,2018,13400
LULU,2017,12500
LULU,2016,11000
LULU,2015,8628
LULU,2014,7622
LULU,2013,6383
MSI,2023,21000
MSI,2022,20000
MSI,2021,18700
MSI,2020,18000
MSI,2019,6000
MSI,2018,5000
MSI,2017,5000
MSI,2016,5000
MSI,2015,5000
MSI,2014,5000
MSI,2013,7000
H,2023,51000
H,2022,50000
H,2021,44000
H,2020,37000
H,2019,55000
H,2018,54000
H,2017,45000
H,2016,45000
H,2015,45000
H,2014,45000
H,2013,45000
TILE,2023,3671
TILE,2022,3646
TILE,2021,3742
TILE,2019,4110
TILE,2018,4094
TILE,2017,3092
TILE,2017,3278
TILE,2016,3346
TILE,2014,3245
TILE,2013,3347
MAN,2023,27900
MAN,2022,30900
MAN,2021,30000
MAN,2020,25000
MAN,2019,28000
MAN,2018,30000
MAN,2017,29000
MAN,2016,28000
MAN,2015,27000
MAN,2014,26000
MAN,2013,25000
CSTM,2023,12000
CSTM,2022,12500
CSTM,2021,12000
CSTM,2020,12000
CSTM,2019,13200
CSTM,2018,13000
CSTM,2017,12000
CSTM,2016,11000
CSTM,2015,11000
CSTM,2014,8900
CSTM,2013,8600
MDLZ,2023,91000
MDLZ,2022,91000
MDLZ,2021,79000
MDLZ,2020,67000
MDLZ,2019,80000
MDLZ,2018,68000
MDLZ,2017,71000
MDLZ,2016,78000
MDLZ,2015,99000
MDLZ,2014,104000
MDLZ,2013,107000
GSIT,2023,156
GSIT,2022,180
GSIT,2021,178
GSIT,2020,166
GSIT,2019,166
GSIT,2018,157
GSIT,2017,156
GSIT,2016,142
GSIT,2015,138
GSIT,2014,138
GSIT,2013,140
CNHI,2023,40220
CNHI,2022,40070
CNHI,2021,71895
CNHI,2020,64016
CNHI,2019,63499
CNHI,2018,64625
CNHI,2017,50000
CNHI,2016,6000
CNHI,2015,6000
CNHI,2014,6100
CNHI,2013,6300
RFP,2021,6900
RFP,2020,7100
RFP,2019,6700
RFP,2018,7400
RFP,2017,7700
RFP,2016,8300
RFP,2015,8000
RFP,2014,7700
RFP,2013,8400
ALTR,2023,3200
ALTR,2022,3000
ALTR,2021,2800
ALTR,2020,2700
ALTR,2019,2500
ALTR,2018,2500
ALTR,2017,2000
AEP,2023,17250
AEP,2022,16974
AEP,2021,16688
AEP,2020,16787
AEP,2019,17408
AEP,2018,17582
AEP,2017,17666
AEP,2016,17634
AEP,2015,17405
AEP,2014,18529
AEP,2013,18521
AAPL,2023,161000
AAPL,2022,164000
AAPL,2021,154000
AAPL,2020,147000
AAPL,2019,137000
AAPL,2018,132000
AAPL,2017,123000
AAPL,2016,116000
AAPL,2015,110000
AAPL,2014,92600
AAPL,2013,80300
AMAT,2023,34000
AMAT,2022,33000
AMAT,2021,27000
AMAT,2020,24000
AMAT,2019,22000
AMAT,2018,21000
AMAT,2017,18400
AMAT,2016,15600
AMAT,2015,14600
AMAT,2014,14000
AMAT,2013,13700
AVB,2023,3039
AVB,2022,2947
AVB,2021,2927
AVB,2020,3090
AVB,2019,3122
AVB,2018,3087
AVB,2017,3112
AVB,2016,3071
AVB,2015,2981
AVB,2014,3006
AVB,2013,2900
EXPD,2023,18000
EXPD,2022,20000
EXPD,2021,19000
EXPD,2020,17500
EXPD,2019,18000
EXPD,2018,17500
EXPD,2017,16500
EXPD,2016,16000
EXPD,2015,15397
EXPD,2014,14670
EXPD,2013,13910
FLEX,2023,172000
FLEX,2022,172648
FLEX,2021,167201
FLEX,2020,160000
FLEX,2019,200000
FLEX,2018,200000
FLEX,2017,200000
FLEX,2016,200000
FLEX,2015,150000
FLEX,2014,150000
FLEX,2013,149000
F,2023,495000
F,2022,173000
F,2021,183000
F,2020,186000
F,2019,190000
F,2018,199000
F,2017,202000
F,2016,201000
F,2015,199000
F,2014,187000
F,2013,181000
CZR,2023,51000
CZR,2022,49000
CZR,2021,49000
CZR,2020,54000
CZR,2019,15500
CZR,2018,18700
CZR,2017,12500
CZR,2016,7400
CZR,2015,7800
CZR,2014,7100
HBAN,2023,19955
HBAN,2022,19920
HBAN,2021,18442
HBAN,2020,15578
HBAN,2019,15664
HBAN,2018,15693
HBAN,2017,15770
HBAN,2016,15993
HBAN,2015,12243
HBAN,2014,11873
HBAN,2013,11964
LNC,2023,11024
LNC,2022,11316
LNC,2021,10848
LNC,2020,10966
LNC,2019,11357
LNC,2018,11034
LNC,2017,9047
LNC,2016,9057
LNC,2015,9312
LNC,2014,9627
LNC,2013,9115
MCD,2023,150000
MCD,2022,150000
MCD,2021,200000
MCD,2020,200000
MCD,2019,205000
MCD,2018,210000
MCD,2017,235000
MCD,2016,375000
MCD,2015,420000
MCD,2014,420000
MCD,2013,440000
MCHP,2023,22600
MCHP,2022,21000
MCHP,2021,19500
MCHP,2020,18000
MCHP,2019,18286
MCHP,2018,14234
MCHP,2017,12656
MCHP,2016,9766
MCHP,2015,9449
MCHP,2014,8604
MCHP,2013,8003
NAV,2020,0
NAV,2019,0
NAV,2018,0
NAV,2017,0
NAV,2016,0
NAV,2015,0
NAV,2014,0
NAV,2013,0
NWL,2023,24600
NWL,2022,28000
NWL,2021,32000
NWL,2020,31000
NWL,2019,30000
NWL,2018,37000
NWL,2017,49000
NWL,2016,53400
NWL,2015,17200
NWL,2014,17400
NWL,2013,18300
RSG,2023,35000
RSG,2022,40000
RSG,2021,35000
RSG,2020,35000
RSG,2019,36000
RSG,2018,36000
RSG,2017,35000
RSG,2016,33000
RSG,2015,33000
RSG,2014,31000
RSG,2013,31000
SEE,2023,7200
SEE,2022,6900
SEE,2021,7000
SEE,2020,7000
SEE,2019,16500
SEE,2018,15500
SEE,2017,15000
SEE,2016,23000
SEE,2015,23000
SEE,2014,24000
SEE,2013,7300
STE,2022,16000
STE,2021,13000
STE,2020,13000
STE,2019,12000
SYKE,2020,61100
SYKE,2019,54900
SYKE,2018,51600
SYKE,2017,55000
SYKE,2016,55525
SYKE,2015,54550
SYKE,2014,50450
SYKE,2013,47900
TEVA,2023,37851
TEVA,2022,36826
TEVA,2021,37537
TEVA,2020,40216
TEVA,2019,13000
TEVA,2018,10300
TEVA,2017,51800
TEVA,2016,57000
TEVA,2015,43000
TEVA,2014,43000
TEVA,2013,45000
WBA,2023,331000
WBA,2022,325000
WBA,2021,315000
WBA,2020,331000
WBA,2019,110000
WBA,2018,110000
WBA,2017,345000
WBA,2016,360000
WBA,2015,360000
CLF,2023,28000
CLF,2022,27000
CLF,2021,26000
CLF,2020,25000
CLF,2019,2372
CLF,2018,2926
CLF,2017,2938
CLF,2016,2927
CLF,2015,2638
CLF,2014,5386
CLF,2013,7138
VAL,2023,5985
VAL,2022,5450
VAL,2021,4900
VAL,2020,4500
VAL,2019,5800
VAL,2018,4400
VAL,2017,5400
VAL,2016,4900
VAL,2015,6400
VAL,2014,8500
VAL,2013,9000
XYL,2023,23000
XYL,2022,17800
XYL,2021,17300
XYL,2020,16700
XYL,2019,5600
XYL,2018,5900
XYL,2017,5400
XYL,2016,3300
XYL,2015,12700
XYL,2014,12500
XYL,2013,3700
TNC,2023,4457
TNC,2022,0
TNC,2021,0
TNC,2020,0
TNC,2019,4400
TNC,2018,4300
TNC,2017,4300
TNC,2016,3236
TNC,2015,3164
TNC,2014,3087
TNC,2013,2931
PCX,2021,2
HAIN,2023,2837
HAIN,2022,3078
HAIN,2021,3087
HAIN,2020,4287
HAIN,2019,5441
HAIN,2018,7685
HAIN,2017,7825
HAIN,2016,7700
HAIN,2015,6307
HAIN,2014,4400
HAIN,2013,3665
CR,2023,4000
CR,2022,11000
CR,2021,11000
CR,2020,11000
CR,2019,13000
CR,2018,12000
CR,2017,10600
CR,2016,11000
CR,2015,11200
CR,2014,11300
CR,2013,11500
EW,2023,19800
EW,2022,17300
EW,2021,15700
EW,2020,14900
EW,2019,13900
EW,2018,12800
EW,2017,12200
EW,2016,11100
EW,2015,9800
EW,2014,9100
EW,2013,8600
LRCX,2023,17200
LRCX,2022,17700
LRCX,2021,14100
LRCX,2020,11300
LRCX,2019,10700
LRCX,2018,10900
LRCX,2017,9400
LRCX,2016,7500
LRCX,2015,7300
LRCX,2014,6500
LRCX,2013,6600
MAC,2023,655
MAC,2022,651
MAC,2021,640
MAC,2020,670
MAC,2019,737
MAC,2018,718
MAC,2017,855
MAC,2016,851
MAC,2015,997
MAC,2014,1117
MAC,2013,1143
REGN,2023,13450
REGN,2022,11851
REGN,2021,10368
REGN,2020,9123
REGN,2019,8100
REGN,2018,7400
REGN,2017,6200
REGN,2016,5400
REGN,2015,4300
REGN,2014,2925
REGN,2013,2340
WOR,2023,8200
WOR,2022,8400
WOR,2021,9000
WOR,2020,9000
WOR,2019,12000
WOR,2018,12000
WOR,2017,10000
WOR,2016,10000
WOR,2015,10500
WOR,2014,10000
WOR,2013,10500
AXTA,2023,1300
AXTA,2022,1300
AXTA,2021,1300
AXTA,2020,1300
AXTA,2019,14000
AXTA,2018,1400
AXTA,2017,1400
AXTA,2016,1300
AXTA,2015,1300
AXTA,2014,12600
BG,2021,22000
BG,2020,23000
BG,2019,24000
BG,2018,31000
BG,2017,31000
BG,2016,32000
BG,2015,33000
BG,2014,35000
BG,2013,35000
SCHW,2023,33000
SCHW,2021,33400
SCHW,2020,10000
SCHW,2019,19700
SCHW,2018,19500
SCHW,2017,17600
SCHW,2016,16200
SCHW,2015,15300
SCHW,2014,14600
SCHW,2013,13800
CHD,2023,5550
CHD,2022,5250
CHD,2021,0
CHD,2020,5100
CHD,2019,4800
CHD,2018,4700
CHD,2017,4700
CHD,2016,4500
CHD,2015,4400
CHD,2014,4200
CHD,2013,4200
CVA,2020,4000
CVA,2019,4000
CVA,2018,4000
CVA,2017,3700
CVA,2016,3600
CVA,2015,3800
CVA,2014,3500
CVA,2013,3500
XRAY,2022,15000
XRAY,2021,5000
XRAY,2020,5100
XRAY,2019,4800
XRAY,2018,5200
XRAY,2017,5000
XRAY,2016,5000
XRAY,2015,3600
XRAY,2014,3600
XRAY,2013,3600
FUL,2023,7200
FUL,2022,7000
FUL,2021,6500
FUL,2020,6428
FUL,2019,6400
FUL,2018,6500
FUL,2017,6000
FUL,2016,4600
FUL,2015,4400
FUL,2014,3700
FUL,2013,3700
HON,2023,95000
HON,2022,97000
HON,2021,99000
HON,2020,103000
HON,2019,113000
HON,2018,114000
HON,2017,131000
HON,2016,131000
HON,2015,129000
HON,2014,127000
HON,2013,131000
IHS,2023,2988
IHS,2022,2786
IHS,2021,2292
MET,2023,45000
MET,2022,45000
MET,2021,43000
MET,2020,46500
MET,2019,49000
MET,2018,48000
MET,2017,49000
MET,2016,58000
MET,2015,69000
MET,2014,68000
MET,2013,65000
MCO,2023,15151
MCO,2022,14426
MCO,2021,13460
MCO,2020,11487
MCO,2019,11000
MCO,2018,13000
MCO,2017,12000
MCO,2016,10600
MCO,2015,10400
MCO,2014,9900
MCO,2013,8400
NKE,2023,83700
NKE,2022,79100
NKE,2021,73300
NKE,2020,75400
NKE,2019,76700
NKE,2018,73100
NKE,2017,74400
NKE,2016,70700
NKE,2015,62600
NKE,2014,56500
NKE,2013,48000
PG,2023,107000
PG,2022,106000
PG,2021,101000
PG,2020,99000
PG,2019,97000
PG,2018,92000
PG,2017,95000
PG,2016,105000
PG,2015,110000
PG,2014,118000
PG,2013,121000
QCOM,2023,50000
QCOM,2022,51000
QCOM,2021,45000
QCOM,2020,41000
QCOM,2019,37000
QCOM,2018,35400
QCOM,2017,33800
QCOM,2016,30500
QCOM,2015,33000
QCOM,2014,31300
QCOM,2013,31000
TXN,2023,34000
TXN,2022,33000
TXN,2021,31000
TXN,2020,30000
TXN,2019,29768
TXN,2018,29888
TXN,2017,29714
TXN,2016,29865
TXN,2015,29977
TXN,2014,31003
TXN,2013,32209
WCC,2023,20000
WCC,2022,20000
WCC,2021,18000
WCC,2020,220
WCC,2019,9500
WCC,2018,9100
WCC,2017,9100
WCC,2016,9000
WCC,2015,9300
WCC,2014,9400
WCC,2013,9200
WEC,2023,7000
WEC,2022,7022
WEC,2021,6938
WEC,2020,7273
WEC,2019,7509
WEC,2018,7878
WEC,2017,8129
WEC,2016,8164
WEC,2015,8443
WEC,2014,4248
WEC,2013,4303
ZBH,2023,18000
ZBH,2022,18000
ZBH,2021,8000
ZBH,2020,8500
ZBH,2019,8600
ZBH,2018,8500
ZBH,2017,7900
ZBH,2016,7800
ZBH,2015,7700
ZBH,2014,4200
ZBH,2013,9500
FMC,2023,6600
FMC,2022,6600
FMC,2021,6400
FMC,2020,6400
FMC,2019,6400
FMC,2018,7300
FMC,2017,7000
FMC,2016,5900
FMC,2015,6000
FMC,2014,6000
FMC,2013,5600
EQIX,2023,13151
EQIX,2022,12097
EQIX,2021,10944
EQIX,2020,10013
EQIX,2019,8378
EQIX,2018,7903
EQIX,2017,7273
EQIX,2016,5993
EQIX,2015,5042
EQIX,2014,3866
EQIX,2013,3500
VMW,2023,38300
VMW,2022,37500
VMW,2021,34000
VMW,2020,31000
VMW,2019,24200
VMW,2018,21700
VMW,2016,19900
VMW,2015,19000
VMW,2014,18000
VMW,2013,14300
GEF,2023,12000
GEF,2022,12000
GEF,2021,16000
GEF,2020,16000
GEF,2019,17000
GEF,2018,13000
GEF,2017,13000
GEF,2016,12370
GEF,2015,13150
GEF,2014,13325
GEF,2013,13085
LII,2023,12600
LII,2022,13200
LII,2021,11000
LII,2020,10300
LII,2019,11200
LII,2018,11350
LII,2017,11450
LII,2016,10600
LII,2015,10000
LII,2014,9800
LII,2013,9700
LBTYA,2023,15020
LBTYA,2022,16350
LBTYA,2021,11200
LBTYA,2020,23000
LBTYA,2019,20200
LBTYA,2018,26600
LBTYA,2017,26700
LBTYA,2016,41000
LBTYA,2015,37000
LBTYA,2014,38000
LBTYA,2013,35000
SCTY,2020,1280
SCTY,2019,1085
SCTY,2018,1190
SCTY,2017,1330
SCTY,2016,1370
SCTY,2015,1500
SCTY,2014,1000
SCTY,2013,1100
HASI,2023,139
HASI,2022,114
HASI,2021,99
HASI,2020,73
HASI,2019,60
HASI,2018,49
HASI,2017,47
HASI,2016,40
HASI,2015,32
HASI,2014,28
HASI,2013,22
SYK,2023,52000
SYK,2022,51000
SYK,2021,46000
SYK,2020,43000
SYK,2019,40000
SYK,2018,36000
SYK,2017,33000
SYK,2016,33000
SYK,2015,27000
SYK,2014,26000
SYK,2013,25000
TRV,2023,33300
TRV,2022,32500
TRV,2021,30800
TRV,2020,30600
TRV,2019,30800
TRV,2018,30400
TRV,2017,30800
TRV,2016,30900
TRV,2015,30900
TRV,2014,30200
TRV,2013,30800
JCI,2023,100000
JCI,2022,102000
JCI,2021,101000
JCI,2020,97000
JCI,2019,104000
JCI,2018,122000
JCI,2017,121000
JCI,2016,209000
JCI,2015,57000
JCI,2014,57000
JCI,2013,70000
TEL,2023,90000
TEL,2022,92000
TEL,2021,89000
TEL,2020,82000
TEL,2019,78000
TEL,2018,80000
TEL,2017,78000
TEL,2016,75000
TEL,2015,72000
TEL,2014,83000
TEL,2013,84000
SM,2023,544
SM,2022,539
SM,2021,506
SM,2020,503
SM,2019,530
SM,2018,611
SM,2017,635
SM,2016,607
SM,2015,786
SM,2014,896
SM,2013,793
WST,2023,10600
WST,2022,10700
WST,2021,10065
WST,2020,9200
WST,2019,8200
WST,2018,7700
WST,2017,7500
WST,2016,7300
WST,2015,7100
WST,2014,7000
WST,2013,6900
UNFI,2023,29455
UNFI,2022,30300
UNFI,2021,28300
UNFI,2020,28300
UNFI,2019,19000
UNFI,2018,10000
UNFI,2017,9700
UNFI,2016,9554
UNFI,2015,8700
UNFI,2014,8700
UNFI,2013,7300
HNI,2023,48
HNI,2022,0
HNI,2022,8100
HNI,2021,7700
HNI,2019,0
HNI,2018,0
HNI,2017,0
HNI,2016,0
HNI,2016,0
HNI,2015,11000
HNI,2013,10300
FNF,2023,22293
FNF,2022,21759
FNF,2021,28290
FNF,2020,27058
FNF,2019,25063
FNF,2018,23436
FNF,2017,24367
FNF,2016,55219
FNF,2015,54091
FNF,2014,56883
FNF,2013,63861
MLNK,2023,676
MLNK,2022,751
MLNK,2021,622
VOYA,2023,9000
VOYA,2022,6100
VOYA,2021,6000
VOYA,2020,6000
VOYA,2019,6000
VOYA,2018,6000
VOYA,2017,6300
VOYA,2016,6700
VOYA,2015,7000
VOYA,2014,6500
VOYA,2013,7000
FN,2023,14663
FN,2022,14235
FN,2021,12189
FN,2020,11506
FN,2019,11670
FN,2018,10579
FN,2017,10541
FN,2016,9330
FN,2015,6845
FN,2014,6340
FN,2013,5110
FARM,2023,993
FARM,2022,1068
FARM,2021,1064
FARM,2020,1210
FARM,2019,1521
FARM,2018,1600
FARM,2017,1610
FARM,2016,1634
FARM,2015,1784
FARM,2014,1846
FARM,2013,1793
WRK,2023,56100
WRK,2022,50500
WRK,2021,49900
WRK,2020,49300
WRK,2019,51100
WRK,2018,45100
KHC,2023,36000
KHC,2022,37000
KHC,2021,36000
KHC,2020,38000
KHC,2019,37000
KHC,2018,38000
KHC,2017,39000
KHC,2016,41000
KHC,2016,42000
HPQ,2023,58000
HPQ,2022,58000
HPQ,2021,51000
HPQ,2020,53000
HPQ,2019,56000
HPQ,2018,55000
HPQ,2017,49000
HPQ,2016,49000
HPQ,2015,287000
HPQ,2014,302000
HPQ,2013,317500
HPE,2023,62000
HPE,2022,60200
HPE,2021,60400
HPE,2020,59400
HPE,2019,61600
HPE,2018,60000
HPE,2017,66000
HPE,2016,195000
HPE,2015,240000
CRC,2022,1060
CRC,2021,970
CRC,2020,1000
CRC,2019,1250
CRC,2018,1500
CRC,2017,1450
CRC,2016,2000
CRC,2015,1700
CRC,2014,1990
KEYS,2023,14900
KEYS,2022,15000
KEYS,2021,14300
KEYS,2020,13900
KEYS,2019,13600
KEYS,2018,12900
KEYS,2017,12600
KEYS,2016,10300
KEYS,2015,10250
KEYS,2014,9600
AGR,2023,7999
AGR,2022,7579
AGR,2021,7300
AGR,2020,7000
AGR,2019,6597
AGR,2018,6500
AGR,2017,6600
AGR,2016,7000
AGR,2015,6809
ARNC,2022,11550
ARNC,2021,13900
ARNC,2020,13400
ARNC,2019,15400
ADTN,2023,3227
ADTN,2022,3307
ADTN,2021,1335
ADTN,2020,1405
ADTN,2019,1790
ADTN,2018,1900
ADTN,2017,2060
ADTN,2016,2033
ADTN,2015,1991
ADTN,2014,2080
ADTN,2013,2010
AEM,2023,0
AEM,2022,0
AEM,2021,0
AEM,2020,0
AEM,2019,0
AEM,2018,0
AEM,2017,0
AEM,2016,0
AEM,2015,0
AEM,2014,0
AEM,2013,0
AMG,2023,4000
AMG,2022,3950
AMG,2021,4050
AMG,2020,3900
AMG,2019,4000
AMG,2018,4450
AMG,2017,4400
AMG,2016,4100
AMG,2015,3200
AMG,2014,2900
AMG,2013,2500
GOOGL,2023,182502
GOOGL,2022,190234
GOOGL,2021,156500
GOOGL,2020,135301
GOOGL,2019,118899
GOOGL,2018,98771
GOOGL,2017,80110
GOOGL,2016,72053
GOOGL,2015,61814
AMCR,2023,41000
AMCR,2022,44000
AMCR,2021,46000
AMCR,2020,6000
AMCR,2019,6000
AMP,2023,0
AMP,2022,13500
AMP,2021,12000
AMP,2020,12300
AMP,2019,12500
AMP,2018,14000
AMP,2017,13000
AMP,2016,13000
AMP,2015,13000
AMP,2014,12209
AMP,2013,12039
AMKR,2023,28700
AMKR,2022,31300
AMKR,2021,30400
AMKR,2020,29050
AMKR,2019,29650
AMKR,2018,30850
AMKR,2017,29300
AMKR,2016,27900
AMKR,2015,22200
AMKR,2014,21900
AMKR,2013,20900
ADI,2023,26000
ADI,2022,24450
ADI,2021,24700
ADI,2020,15900
ADI,2019,16400
ADI,2018,15800
ADI,2017,15300
ADI,2016,10000
ADI,2015,9700
ADI,2014,9600
ADI,2013,9100
APTV,2023,154000
APTV,2022,160000
APTV,2021,155000
APTV,2020,151000
APTV,2019,141000
APTV,2018,143000
APTV,2018,129000
APTV,2016,145000
APTV,2015,139000
APTV,2014,127000
APTV,2013,117000
ASH,2023,3800
ASH,2022,3900
ASH,2021,4100
ASH,2020,4500
ASH,2019,4700
ASH,2018,6000
ASH,2017,6500
ASH,2016,11000
AVYA,2022,7090
AVYA,2021,8063
AVYA,2020,8266
AVYA,2019,7900
AVYA,2018,8100
SPR,2023,20655
SPR,2022,18235
SPR,2021,16100
SPR,2020,14500
SPR,2019,18200
SPR,2018,17000
SPR,2017,15500
SPR,2016,14400
SPR,2015,15200
SPR,2014,13496
SPR,2013,13948
BKR,2023,58000
BKR,2022,55000
BKR,2021,54000
BKR,2020,55000
BKR,2019,68000
BKR,2018,66000
BKR,2017,64000
BRC,2023,5600
BRC,2022,5700
BRC,2021,5700
BRC,2020,5400
BRC,2019,6100
BRC,2018,6200
BRC,2017,6300
BRC,2016,6500
BRC,2015,6560
BRC,2014,7200
BRC,2013,7400
CBT,2023,4300
CBT,2022,4200
CBT,2021,4500
CBT,2020,4500
CBT,2019,4500
CBT,2018,4600
CBT,2017,4500
CBT,2016,4300
CBT,2015,4600
CBT,2014,4737
CBT,2013,4638
CBRE,2023,130000
CBRE,2022,115000
CBRE,2021,105000
CBRE,2020,100000
CBRE,2019,100000
CBRE,2018,90000
CBRE,2017,80000
CBRE,2016,75000
CBRE,2015,70000
CBRE,2014,52000
CBRE,2013,44000
CRL,2023,21800
CRL,2022,21400
CRL,2021,20000
CRL,2020,18400
CRL,2019,17100
CRL,2018,14700
CRL,2017,11800
CRL,2016,11000
CRL,2015,8600
CRL,2014,7900
CRL,2013,7700
CFG,2023,17570
CFG,2022,18889
CFG,2021,17463
CFG,2020,17407
CFG,2019,18000
CFG,2018,18100
CFG,2017,17600
CFG,2016,17600
CFG,2015,17700
CFG,2014,17700
CCEP,2023,500000
CCEP,2022,33000
CCEP,2021,33000
CCEP,2020,22000
CCEP,2019,80000
CCEP,2018,12
CCEP,2017,23500
CCEP,2016,24500
CMP,2023,1981
CMP,2022,1954
CMP,2020,3229
CMP,2019,3131
CMP,2018,3071
CMP,2017,3090
CMP,2016,3103
CMP,2015,1984
CMP,2014,1963
CMP,2013,1855
CEIX,2023,2020
CEIX,2021,1575
CEIX,2020,1494
CEIX,2019,1792
CEIX,2018,1772
CEIX,2017,1692
CLB,2022,3600
CLB,2021,3700
CLB,2020,3700
CLB,2019,4300
CLB,2018,4700
CLB,2017,4600
CLB,2016,4400
CLB,2015,4400
CLB,2014,5000
CLB,2013,5000
CCK,2023,25000
CCK,2022,26000
CCK,2021,26000
CCK,2020,33000
CCK,2019,33000
CCK,2018,33000
CCK,2017,24000
CCK,2016,24000
CCK,2015,24000
CCK,2014,23000
CCK,2013,21300
DLR,2023,3664
DLR,2022,3412
DLR,2021,3030
DLR,2020,2878
DLR,2019,1550
DLR,2018,1530
DLR,2017,1436
DLR,2016,1345
DLR,2015,1295
DLR,2014,860
DLR,2013,784
D,2023,60500
D,2022,17200
D,2021,17100
D,2020,17300
D,2019,19100
D,2018,21300
D,2017,16200
D,2016,16200
D,2015,14700
D,2014,14400
D,2013,14500
WTRG,2023,3258
WTRG,2022,3187
WTRG,2021,3211
WTRG,2020,3180
WTRG,2019,1583
WTRG,2018,1570
WTRG,2017,1530
WTRG,2016,1551
WTRG,2015,1617
WTRG,2014,1617
WTRG,2013,1553
FISV,2023,42000
FISV,2022,41000
FISV,2021,44000
FISV,2020,44000
FISV,2019,44000
FISV,2018,24000
FISV,2017,24000
FISV,2016,23000
FISV,2015,22000
FISV,2014,21000
FISV,2013,21000
GES,2023,12500
GES,2022,12500
GES,2021,11000
GES,2020,15800
GES,2019,15700
GES,2018,14700
GES,2017,14300
GES,2016,13500
GES,2015,13700
GES,2014,14600
GES,2013,15200
PEAK,2023,193
PEAK,2022,199
PEAK,2021,196
PEAK,2020,217
PEAK,2019,204
PEAK,2018,201
PEAK,2017,190
PEAK,2016,188
PEAK,2015,187
PEAK,2014,170
PEAK,2013,154
IDA,2023,2100
IDA,2022,2070
IDA,2021,1992
IDA,2020,1943
IDA,2019,1985
IDA,2018,1981
IDA,2017,1972
IDA,2016,2008
IDA,2015,2002
IDA,2014,2021
IDA,2013,2023
ITW,2023,45000
ITW,2022,46000
ITW,2021,45000
ITW,2020,43000
ITW,2019,45000
ITW,2018,48000
ITW,2017,50000
ITW,2016,50000
ITW,2015,48000
ITW,2014,49000
ITW,2013,51000
IAG,2023,0
IAG,2022,0
IAG,2021,0
IAG,2020,0
IAG,2019,0
IAG,2018,0
IAG,2017,0
IAG,2016,0
IAG,2015,0
IAG,2014,0
IAG,2013,0
IPG,2023,57400
IPG,2022,58400
IPG,2021,55600
IPG,2020,50200
IPG,2019,54300
IPG,2018,54000
IPG,2017,50200
IPG,2016,49800
IPG,2015,49200
IPG,2014,47400
IPG,2013,45400
JBLU,2023,0
JBLU,2022,0
JBLU,2021,0
JBLU,2020,0
JBLU,2019,0
JBLU,2018,0
JBLU,2017,0
JBLU,2016,0
JBLU,2015,0
JBLU,2014,0
JBLU,2013,11021
KELYA,2023,3700
KELYA,2023,4800
KELYA,2022,4500
KELYA,2021,1000
KELYA,2019,1000
KELYA,2018,1100
KELYA,2017,1100
KELYA,2017,1100
KELYA,2016,1100
KELYA,2014,1100
KELYA,2013,1100
KDP,2023,28100
KDP,2022,22100
KDP,2021,27500
KDP,2020,27000
KDP,2019,25500
KDP,2018,20000
KDP,2017,17000
KDP,2016,16000
KDP,2015,16000
KDP,2014,16000
KDP,2013,19000
KE,2023,7900
KE,2022,7200
KE,2021,6400
KE,2020,6400
KE,2019,6300
KE,2018,5700
KE,2017,5400
KE,2016,4500
KE,2015,4300
TMUS,2023,67000
TMUS,2022,71000
TMUS,2021,75000
TMUS,2020,75000
TMUS,2019,53000
TMUS,2018,52000
TMUS,2017,51000
TMUS,2016,50000
TMUS,2015,50000
TMUS,2014,45000
TMUS,2013,40000
TXT,2023,35000
TXT,2022,34000
TXT,2022,33000
TXT,2021,33000
TXT,2020,35000
TXT,2018,35000
TXT,2017,37000
TXT,2016,36000
TXT,2016,35000
TXT,2015,34000
TXT,2013,32000
SO,2022,27700
SO,2021,27300
SO,2020,27700
SO,2019,27943
SO,2018,29192
SO,2017,31344
SO,2016,32015
SO,2015,26703
SO,2014,26369
SO,2013,26300
TT,2023,40000
TT,2022,39000
TT,2021,37000
TT,2020,35000
TT,2019,50000
TT,2018,49000
TT,2017,46000
TT,2016,45000
TT,2015,45000
TT,2014,43000
TT,2013,42000
TNL,2023,19000
TNL,2022,18200
TNL,2021,14100
TNL,2020,5300
TNL,2019,22500
TNL,2018,24500
TNL,2017,39200
TNL,2016,37800
TNL,2015,37700
TNL,2014,34400
TNL,2013,32800
TRMB,2023,12700
TRMB,2022,11825
TRMB,2021,11931
TRMB,2021,11402
TRMB,2020,11484
TRMB,2018,11287
TRMB,2017,9523
TRMB,2016,8388
TRMB,2016,8451
TRMB,2015,8217
TRMB,2014,7086
TSE,2023,3100
TSE,2022,3400
TSE,2021,3100
TSE,2020,2600
TSE,2019,2700
TSE,2018,2500
TSE,2017,2214
TSE,2016,2197
TSE,2015,2270
TSE,2014,2179
TSN,2023,139000
TSN,2022,142000
TSN,2021,137000
TSN,2020,139000
TSN,2019,141000
TSN,2018,121000
TSN,2017,122000
TSN,2016,114000
TSN,2015,113000
TSN,2014,124000
TSN,2013,115000
VREX,2023,2400
VREX,2022,2300
VREX,2021,2100
VREX,2020,2000
VREX,2019,2000
VREX,2018,2000
VREX,2017,2000
VRSK,2023,7500
VRSK,2022,7000
VRSK,2021,0
VRSK,2020,8960
VRSK,2019,9060
VRSK,2018,7951
VRSK,2017,7079
VRSK,2016,6148
VRSK,2015,7647
VRSK,2014,6170
VRSK,2013,6368
VMC,2023,10382
VMC,2022,12000
VMC,2021,11437
VMC,2020,8431
VMC,2019,8767
VMC,2018,8373
VMC,2017,7900
VMC,2016,7149
VMC,2015,6799
VMC,2014,6598
VMC,2013,6902
WFRD,2023,18500
WFRD,2022,17700
WFRD,2021,17000
WFRD,2020,17200
WFRD,2019,24000
WFRD,2018,26500
WFRD,2017,29200
WFRD,2016,30000
WFRD,2015,39500
WFRD,2014,56000
WELL,2023,533
WELL,2022,514
WELL,2021,464
WELL,2020,423
WELL,2019,443
WELL,2018,384
WELL,2017,392
WELL,2016,466
WELL,2015,476
WELL,2014,438
WELL,2013,404
ACI,2023,290000
ACI,2022,290000
ACI,2021,300000
ACI,2020,270000
ACI,2019,267000
ACI,2018,275000
ALRS,2023,754
ALRS,2022,837
ALRS,2021,836
ALRS,2020,851
ALRS,2019,789
AY,2023,1366
AY,2022,978
AY,2021,658
AY,2020,456
AY,2019,425
AY,2018,217
AY,2017,185
AY,2016,166
AY,2015,88
AY,2014,7
ATO,2023,5019
ATO,2022,4791
ATO,2021,4684
ATO,2020,4694
ATO,2019,4776
ATO,2018,4628
ATO,2017,4565
ATO,2016,4747
ATO,2015,4753
ATO,2014,4761
ATO,2013,4720
AVNT,2023,9300
AVNT,2022,9700
AVNT,2021,8700
AVNT,2020,8400
AVNT,2019,5600
AVNT,2018,6600
AVNT,2017,6300
AVNT,2016,7000
AVNT,2015,6900
AVNT,2014,6900
AVNT,2013,7000
CAR,2023,24500
CAR,2022,24500
CAR,2021,21000
CAR,2020,20000
CAR,2019,30000
CAR,2018,30000
CAR,2017,31000
CAR,2016,30000
CAR,2015,30000
CAR,2014,30000
CAR,2013,29000
CC,2023,6200
CC,2022,6600
CC,2021,6400
CC,2020,6500
CC,2019,7000
CC,2018,200
CC,2017,200
CC,2016,7000
CC,2015,8100
CD,2021,5
CD,2020,981
DAN,2023,41800
DAN,2022,41800
DAN,2021,40200
DAN,2020,38200
DAN,2019,36300
DAN,2018,30900
DAN,2017,30100
DAN,2016,24900
DAN,2015,23100
DAN,2014,22600
DAN,2013,23000
ETSY,2023,2420
ETSY,2022,270
ETSY,2021,2402
ETSY,2020,1414
ETSY,2019,1240
ETSY,2018,874
ETSY,2017,744
ETSY,2016,1043
ETSY,2015,819
FGEN,2023,486
FGEN,2022,592
FGEN,2021,566
FGEN,2020,599
FGEN,2019,531
FGEN,2018,461
FGEN,2017,423
FGEN,2016,364
FGEN,2015,353
FGEN,2014,348
FOSL,2023,6100
FOSL,2022,6900
FOSL,2022,6900
FOSL,2021,7500
FOSL,2019,10200
FOSL,2018,10800
FOSL,2017,12300
FOSL,2016,14500
FOSL,2016,15100
FOSL,2015,15200
FOSL,2013,14600
G,2023,129100
G,2022,118900
G,2021,109600
G,2020,96500
G,2019,96500
G,2018,87000
G,2017,78000
G,2016,75000
G,2015,72000
G,2014,67900
G,2013,63600
GILD,2023,18000
GILD,2022,17000
GILD,2021,14400
GILD,2020,13600
GILD,2019,11800
GILD,2018,11000
GILD,2017,10000
GILD,2016,9000
GILD,2015,8000
GILD,2014,7000
GILD,2013,6100
GOGL,2023,38
GOGL,2022,38
GOGL,2021,37
GOGL,2020,38
GOGL,2019,37
GOGL,2018,32
GOGL,2017,32
GOGL,2016,29
GOGL,2015,28
GOGL,2014,25
GOGL,2013,0
GPK,2023,23500
GPK,2022,24000
GPK,2021,25000
GPK,2020,18775
GPK,2019,18000
GPK,2018,18000
GPK,2017,13000
GPK,2016,13000
GPK,2015,12000
GPK,2014,11500
GPK,2013,12900
ICFI,2023,9000
ICFI,2022,9000
ICFI,2021,7700
ICFI,2020,7500
ICFI,2019,0
ICFI,2018,0
ICFI,2017,5500
ICFI,2016,5000
ICFI,2015,5000
ICFI,2014,5000
ICFI,2013,4500
IOSP,2023,2400
IOSP,2022,2100
IOSP,2021,1900
IOSP,2020,1900
IOSP,2019,2000
IOSP,2018,2000
IOSP,2017,1900
IOSP,2016,1800
IOSP,2015,1300
IOSP,2014,1300
IOSP,2013,1100
JHG,2023,2200
JHG,2022,2200
JHG,2021,2200
JHG,2020,2000
JHG,2019,2300
JHG,2018,2300
JHG,2017,2356
KSU,2022,7190
KSU,2021,7082
KSU,2020,6522
KSU,2019,7040
KSU,2018,7200
KSU,2017,7130
KSU,2016,6820
KSU,2015,6670
KRC,2023,248
KRC,2022,259
KRC,2021,244
KRC,2020,252
KRC,2019,267
KRC,2018,276
KRC,2017,251
KRC,2016,245
KRC,2015,232
KRC,2014,226
KRC,2013,219
KOP,2023,2108
KOP,2022,2119
KOP,2021,2088
KOP,2020,2061
KOP,2019,2120
KOP,2018,2229
KOP,2017,1800
KOP,2016,1853
KOP,2015,2142
KOP,2014,2142
KOP,2013,1589
KOS,2023,243
KOS,2022,236
KOS,2021,229
KOS,2020,252
KOS,2019,360
KOS,2018,380
KOS,2017,280
KOS,2016,270
KOS,2015,260
KOS,2014,230
KOS,2013,250
LFUS,2023,0
LFUS,2022,0
LFUS,2022,0
LFUS,2020,12200
LFUS,2019,11300
LFUS,2018,12300
LFUS,2017,10700
LFUS,2016,10300
LFUS,2016,8800
LFUS,2014,7900
LFUS,2013,7400
M,2023,94570
M,2022,88857
M,2021,90000
M,2020,123000
M,2019,130000
M,2018,130000
M,2017,148300
M,2016,157900
M,2015,166900
M,2014,172500
M,2013,175700
MKC,2023,13800
MKC,2022,14200
MKC,2021,14000
MKC,2020,13000
MKC,2019,12400
MKC,2018,11600
MKC,2017,11700
MKC,2016,10500
MKC,2015,10000
MKC,2014,10000
MKC,2013,10000
MLCO,2023,17878
MLCO,2022,19746
MLCO,2021,17878
MLCO,2020,19746
MLCO,2019,23078
MLCO,2018,20248
MLCO,2017,21414
MLCO,2016,18367
MLCO,2015,18367
MLCO,2014,11958
MLCO,2013,11958
MSCI,2023,5794
MSCI,2022,4759
MSCI,2021,4303
MSCI,2020,3633
MSCI,2019,3396
MSCI,2018,3112
MSCI,2017,3038
MSCI,2016,2862
MSCI,2015,2754
MSCI,2014,2926
MSCI,2013,0
PYPL,2023,27200
PYPL,2022,29900
PYPL,2021,30900
PYPL,2020,26500
PYPL,2019,23200
PYPL,2018,21800
PYPL,2017,18700
PYPL,2016,18100
PYPL,2015,16800
PVH,2023,31000
PVH,2022,31000
PVH,2021,33000
PVH,2020,21500
PVH,2019,20500
PVH,2018,19600
PVH,2017,18800
PVH,2016,18200
PVH,2015,17600
PVH,2014,16700
PVH,2013,11800
RHI,2023,15000
RHI,2022,16300
RHI,2021,14600
RHI,2020,13000
RHI,2019,16000
RHI,2018,18900
RHI,2017,17200
RHI,2016,16400
RHI,2015,16100
RHI,2014,14000
RHI,2013,13000
NOW,2023,22668
NOW,2022,20433
NOW,2021,16881
NOW,2020,13096
NOW,2019,10371
NOW,2018,8154
NOW,2018,6222
NOW,2016,4801
NOW,2015,3686
NOW,2014,2826
NOW,2013,1830
SUN,2023,0
SUN,2022,2302
SUN,2021,2206
SUN,2020,2613
SUN,2019,2909
SUN,2018,3622
SUN,2017,6513
SUN,2016,22500
SUN,2015,11850
SUN,2014,1954
SUN,2013,170
SNPS,2023,20300
SNPS,2022,19000
SNPS,2021,16361
SNPS,2020,15036
SNPS,2019,13896
SNPS,2018,13245
SNPS,2017,11686
SNPS,2016,10669
SNPS,2015,10284
SNPS,2014,9436
SNPS,2013,8573
TMO,2023,122000
TMO,2022,130000
TMO,2021,130000
TMO,2020,80000
TMO,2019,75000
TMO,2018,70000
TMO,2017,70000
TMO,2016,55000
TMO,2015,52000
TMO,2014,51000
TMO,2013,50000
USFD,2023,30000
USFD,2022,29000
USFD,2022,28000
USFD,2021,26000
USFD,2019,28000
USFD,2018,25000
USFD,2017,25355
USFD,2016,25000
AAP,2023,40000
AAP,2022,40000
AAP,2022,41000
AAP,2021,40000
AAP,2019,39000
AAP,2018,40000
AAP,2017,40000
AAP,2016,41000
AAP,2016,40000
AAP,2015,41600
AAP,2013,41238
LNT,2023,1800
LNT,2021,1800
LNT,2020,1800
LNT,2019,0
LNT,2018,2200
LNT,2017,2200
LNT,2016,2200
LNT,2015,2300
LNT,2014,2400
LNT,2013,2300
AIG,2023,25200
AIG,2022,26200
AIG,2021,36600
AIG,2020,45000
AIG,2019,46000
AIG,2018,49600
AIG,2017,49800
AIG,2016,56400
AIG,2015,66400
AIG,2014,65000
AIG,2013,64000
APH,2023,95000
APH,2022,91000
APH,2021,90000
APH,2020,80000
APH,2019,74000
APH,2018,73600
APH,2017,70000
APH,2016,62000
APH,2015,50700
APH,2014,50700
APH,2013,44500
AAOI,2023,2149
AAOI,2022,2213
AAOI,2021,2534
AAOI,2020,2682
AAOI,2019,3115
AAOI,2018,2956
AAOI,2017,3054
AAOI,2016,2776
AAOI,2015,2513
AAOI,2014,1447
AAOI,2013,1146
ARMK,2023,262550
ARMK,2021,248300
ARMK,2020,247900
ARMK,2019,283500
ARMK,2018,274400
ARMK,2017,260500
ARMK,2016,266500
ARMK,2015,265500
ARMK,2014,269500
BIDU,2023,21800
BIDU,2022,23600
BIDU,2021,27500
BIDU,2020,24000
BIDU,2019,21626
BIDU,2018,21774
BIDU,2017,2047
BIDU,2016,2594
BIDU,2015,2172
BIDU,2014,2481
BIDU,2013,1674
BXP,2023,836
BXP,2022,780
BXP,2021,743
BXP,2020,750
BXP,2019,760
BXP,2018,760
BXP,2017,740
BXP,2016,785
BXP,2015,765
BXP,2014,750
BXP,2013,760
BSX,2023,48000
BSX,2022,45000
BSX,2021,41000
BSX,2020,38000
BSX,2019,36000
BSX,2018,32000
BSX,2017,29000
BSX,2016,27000
BSX,2015,25000
BSX,2014,24000
BSX,2013,23000
CDNS,2022,10200
CDNS,2022,9300
CDNS,2021,8800
CDNS,2019,8100
CDNS,2018,7500
CDNS,2017,7200
CDNS,2016,7100
CDNS,2016,6700
CDNS,2015,6100
CDNS,2013,5700
CTXS,2021,9700
CTXS,2020,9000
CTXS,2019,8400
CTXS,2018,8200
CTXS,2017,7500
CTXS,2016,9600
CTXS,2015,9500
CTXS,2014,10081
CTXS,2013,9166
CLH,2023,21021
CLH,2022,19775
CLH,2021,18300
CLH,2020,13500
CLH,2019,14400
CLH,2018,14200
CLH,2017,12700
CLH,2016,12400
CLH,2015,12900
CLH,2014,13000
CLH,2013,13000
COMM,2023,20000
COMM,2022,0
COMM,2021,0
COMM,2020,0
COMM,2019,0
COMM,2018,0
COMM,2017,0
COMM,2016,0
COMM,2015,23000
COMM,2014,600
COMM,2013,600
CNDT,2023,59000
CNDT,2022,62000
CNDT,2021,60000
CNDT,2020,63000
CNDT,2019,67000
CNDT,2018,82000
CNDT,2017,90000
CNDT,2016,96000
GLW,2023,49800
GLW,2022,57500
GLW,2021,61200
GLW,2020,50110
GLW,2019,49500
GLW,2018,51500
GLW,2017,46200
GLW,2016,40700
GLW,2015,35700
GLW,2014,34600
GLW,2013,30400
NSIT,2023,0
NSIT,2022,0
NSIT,2021,11624
NSIT,2020,11006
NSIT,2019,11261
NSIT,2018,7420
NSIT,2017,6697
NSIT,2016,5930
NSIT,2015,5761
NSIT,2014,5406
NSIT,2013,5202
J,2023,60000
J,2022,60000
J,2021,55000
J,2020,55000
J,2019,48000
J,2018,74400
J,2017,44800
J,2016,43800
J,2015,49900
J,2014,53500
J,2013,66000
JD,2023,1000000
JD,2022,1000000
JD,2021,298717
JD,2020,242452
JD,2019,175954
JD,2018,124277
JD,2017,117943
JD,2016,105963
JD,2015,74883
JD,2014,47862
LYFT,2023,2945
LYFT,2022,4419
LYFT,2021,4453
LYFT,2020,4675
LYFT,2019,5683
MDP,2021,5050
MDP,2020,5290
MDP,2019,5560
MDP,2018,7500
MDP,2017,3500
MDP,2016,3600
MDP,2015,3700
MDP,2014,3500
MDP,2013,3250
MSTR,2023,1934
MSTR,2022,2152
MSTR,2021,2121
MSTR,2020,1997
MSTR,2019,2396
MSTR,2018,2528
MSTR,2017,2216
MSTR,2016,2133
MSTR,2015,1947
MSTR,2014,2470
MSTR,2013,3158
MHK,2023,0
MHK,2022,0
MHK,2021,43000
MHK,2020,42000
MHK,2019,41800
MHK,2018,42100
MHK,2017,38800
MHK,2016,37800
MHK,2015,34100
MHK,2014,32300
MHK,2013,32100
NCLH,2023,5100
NCLH,2022,5100
NCLH,2021,3500
NCLH,2020,3300
NCLH,2019,4000
NCLH,2018,3200
NCLH,2017,3000
NCLH,2016,3000
NCLH,2015,2800
NCLH,2014,2700
NCLH,2013,1900
RL,2023,23300
RL,2022,22200
RL,2021,20300
RL,2020,24900
RL,2019,24300
RL,2018,23500
RL,2017,23300
RL,2016,26000
RL,2015,25000
RL,2014,23000
RL,2013,23000
RTX,2023,185000
RTX,2022,182000
RTX,2021,174000
RTX,2020,181000
RTX,2019,243200
RTX,2018,240000
RTX,2017,205000
RTX,2016,202000
RTX,2015,197000
RTX,2014,211000
RTX,2013,212000
RAD,2023,47000
RAD,2022,53000
RAD,2021,50000
RAD,2020,0
RAD,2019,0
RAD,2018,0
RAD,2017,0
RAD,2016,0
RAD,2015,89000
RAD,2014,89000
RAD,2013,89000
ROST,2023,0
ROST,2022,0
ROST,2021,0
ROST,2020,92500
ROST,2019,88100
ROST,2018,82700
ROST,2017,78600
ROST,2016,77800
ROST,2015,71400
ROST,2014,66300
ROST,2013,57500
SXC,2023,871
SXC,2022,887
SXC,2021,848
SXC,2020,841
SXC,2019,895
SXC,2018,895
SXC,2017,909
SXC,2016,907
SXC,2015,1125
SXC,2014,1202
SXC,2013,1344
SMCI,2023,2400
SMCI,2022,4607
SMCI,2021,1800
SMCI,2020,1700
SMCI,2019,3266
SMCI,2017,1254
SMCI,2016,1086
SMCI,2015,940
SMCI,2014,778
SMCI,2013,660
SIVB,2021,6567
SIVB,2020,4461
SIVB,2019,3564
SIVB,2018,2900
SIVB,2017,2438
SIVB,2016,2311
SIVB,2015,2089
SIVB,2014,1914
SIVB,2013,1704
REAL,2023,3032
REAL,2022,3468
REAL,2021,3355
REAL,2020,2604
REAL,2019,2353
UNVR,2022,9700
UNVR,2021,0
UNVR,2020,9457
UNVR,2019,10300
UNVR,2018,8500
UNVR,2017,8600
UNVR,2016,8700
UNVR,2015,9200
UVV,2023,28000
UVV,2022,25000
UVV,2021,20000
UVV,2020,24000
UVV,2019,28000
UVV,2018,24000
UVV,2017,24000
UVV,2016,24000
UVV,2015,27000
UVV,2014,26000
UVV,2013,25000
VRTX,2023,5400
VRTX,2022,4800
VRTX,2021,3900
VRTX,2020,3400
VRTX,2019,3000
VRTX,2018,2500
VRTX,2017,2300
VRTX,2016,2150
VRTX,2015,1950
VRTX,2014,1830
VRTX,2013,1800
WAB,2023,29000
WAB,2022,27000
WAB,2021,25000
WAB,2020,27000
WAB,2019,27500
WAB,2018,9000
WAB,2017,18000
WAB,2016,20000
WAB,2015,13000
WAB,2014,12600
WAB,2013,10234
WSM,2023,21100
WSM,2022,21000
WSM,2021,21000
WSM,2020,27000
WSM,2019,28200
WSM,2018,27800
WSM,2017,28300
WSM,2016,28100
WSM,2015,26800
WSM,2014,28100
WSM,2013,26800
WH,2023,2300
WH,2022,2500
WH,2021,8000
WH,2020,9000
WH,2019,14200
WH,2018,16200
ALLE,2023,12400
ALLE,2022,12300
ALLE,2021,11000
ALLE,2020,11500
ALLE,2019,11000
ALLE,2018,11000
ALLE,2017,10000
ALLE,2016,9400
ALLE,2015,9400
ALLE,2014,8500
ALLE,2013,8000
ALLY,2023,11100
ALLY,2021,10500
ALLY,2020,9500
ALLY,2019,8700
ALLY,2018,8200
ALLY,2017,7900
ALLY,2016,7600
ALLY,2015,7100
ALLY,2014,6900
ALLY,2013,10600
AEO,2023,40000
AEO,2022,40800
AEO,2021,37000
AEO,2020,46000
AEO,2019,45000
AEO,2018,40700
AEO,2017,38700
AEO,2016,37800
AEO,2015,38000
AEO,2014,40000
AEO,2013,44000
AMT,2023,5643
AMT,2022,6391
AMT,2021,6378
AMT,2020,5618
AMT,2019,5454
AMT,2018,5026
AMT,2017,4752
AMT,2016,4507
AMT,2015,3371
AMT,2014,2974
AMT,2013,2716
AMRS,2022,1598
AMRS,2021,980
AMRS,2020,595
AMRS,2019,561
AMRS,2018,503
AMRS,2017,414
AMRS,2016,440
AMRS,2015,418
AMRS,2014,404
AMRS,2013,392
ALV,2023,70300
ALV,2022,69100
ALV,2021,60600
ALV,2020,61000
ALV,2019,59000
ALV,2018,58000
ALV,2017,63000
ALV,2016,61500
ALV,2015,54600
ALV,2014,50800
ALV,2013,46900
AVT,2023,15800
AVT,2022,15300
AVT,2021,14500
AVT,2020,14600
AVT,2019,15500
AVT,2018,15400
AVT,2017,15700
AVT,2016,17700
AVT,2015,18800
AVT,2014,19000
AVT,2013,18500
AC,2023,7
AC,2022,24
AC,2021,25
AC,2020,25
AC,2019,39
AC,2018,62
AC,2017,71
AC,2016,72
AC,2015,72
AZRE,2023,427
AZRE,2022,427
AZRE,2021,471
AZRE,2020,605
AZRE,2019,654
AZRE,2018,539
AZRE,2017,401
CHRW,2023,15246
CHRW,2022,17399
CHRW,2021,16877
CHRW,2020,14888
CHRW,2019,15427
CHRW,2018,15262
CHRW,2017,15074
CHRW,2016,14125
CHRW,2015,13159
CHRW,2014,11521
CHRW,2013,11676
CWST,2023,4200
CWST,2022,3200
CWST,2021,2900
CWST,2020,2500
CWST,2019,2500
CWST,2018,2300
CWST,2017,2000
CWST,2016,2000
CWST,2015,1900
CWST,2014,1800
CWST,2013,1800
CHTR,2023,101100
CHTR,2022,101700
CHTR,2021,93700
CHTR,2020,96100
CHTR,2019,95100
CHTR,2018,0
CHTR,2017,0
CHTR,2016,91500
CHTR,2015,23800
CHTR,2014,23200
CHTR,2013,21600
CRUS,2023,1702
CRUS,2022,1591
CRUS,2021,1481
CRUS,2020,1443
CRUS,2019,1551
CRUS,2018,1596
CRUS,2017,1444
CRUS,2016,1291
CRUS,2015,1104
CRUS,2014,751
CRUS,2013,652
CLVT,2023,12000
CLVT,2022,11600
CLVT,2021,11095
CLVT,2020,1226
CLVT,2019,4624
CLVT,2019,4450
COLM,2023,10070
COLM,2022,9450
COLM,2021,8325
COLM,2020,7275
COLM,2019,8900
COLM,2018,6511
COLM,2017,6188
COLM,2016,6023
COLM,2015,5978
COLM,2014,5326
COLM,2013,4320
CTVA,2023,22500
CTVA,2022,21000
CTVA,2021,21000
CTVA,2020,21000
CTVA,2019,0
DBS,2022,0
DBS,2021,0
DBS,2020,0
DBS,2019,0
DBS,2018,0
DBS,2017,0
DBS,2016,0
DBS,2015,0
DBS,2014,0
DBS,2013,0
DBGI,2023,56
DBGI,2022,58
DBGI,2021,58
DXC,2023,130000
DXC,2022,130000
DXC,2021,134000
DXC,2020,138000
DXC,2019,130000
DXC,2018,150000
EPC,2023,6800
EPC,2022,7000
EPC,2021,6900
EPC,2020,5800
EPC,2019,6000
EPC,2018,5900
EPC,2017,6000
EPC,2016,6000
EPC,2015,6000
EPC,2014,12500
EPC,2013,13000
EMR,2023,67000
EMR,2022,85500
EMR,2021,86700
EMR,2020,83500
EMR,2019,88000
EMR,2018,87500
EMR,2017,76500
EMR,2016,103500
EMR,2015,110800
EMR,2014,115100
EMR,2013,131600
EPAM,2023,58800
EPAM,2022,59300
EPAM,2021,58000
EPAM,2020,41000
EPAM,2019,0
EPAM,2018,0
EPAM,2017,0
EPAM,2016,0
EPAM,2015,0
EPAM,2014,0
EPAM,2013,11056
EQT,2023,881
EQT,2022,744
EQT,2021,693
EQT,2020,624
EQT,2019,647
EQT,2018,863
EQT,2017,2067
EQT,2016,1809
EQT,2015,1914
EQT,2014,1750
EQT,2013,1621
ETRN,2023,773
ETRN,2022,766
ETRN,2021,766
ETRN,2020,771
ETRN,2019,800
ETRN,2018,770
LW,2023,10300
LW,2022,8000
LW,2021,7800
LW,2020,7700
LW,2019,7600
LW,2018,7200
LW,2017,6500
MPC,2023,18200
MPC,2022,17800
MPC,2021,17700
MPC,2020,57900
MPC,2019,60910
MPC,2018,60350
MPC,2017,43800
MPC,2016,44460
MPC,2015,45440
MPC,2014,45340
MPC,2013,29865
NEE,2023,9500
NEE,2022,9300
NEE,2021,9700
NEE,2020,9100
NEE,2019,14800
NEE,2018,14300
NEE,2017,14000
NEE,2016,8900
NEE,2015,8800
NEE,2014,8700
NEE,2013,8900
OI,2023,23000
OI,2022,24000
OI,2021,24000
OI,2020,25000
OI,2019,27500
OI,2018,26500
OI,2017,26500
OI,2016,27000
OI,2015,27000
OI,2014,21100
OI,2013,22500
OGE,2023,2329
OGE,2022,2237
OGE,2021,2185
OGE,2020,2360
OGE,2019,2425
OGE,2018,2292
OGE,2017,2413
OGE,2016,2453
OGE,2015,2586
OGE,2014,3329
OGE,2013,3269
OKTA,2023,6013
OKTA,2022,5030
OKTA,2021,2806
OKTA,2020,2248
OKTA,2019,1561
OKTA,2018,1176
ON,2023,30000
ON,2022,31000
ON,2021,30000
ON,2020,31000
ON,2019,34800
ON,2018,35700
ON,2017,34000
ON,2016,32000
ON,2015,24500
ON,2014,24500
ON,2013,22000
PANW,2023,13948
PANW,2022,12561
PANW,2021,10473
PANW,2020,8014
PANW,2019,7014
PANW,2018,5348
PANW,2017,4562
PANW,2016,3795
PANW,2015,2637
PANW,2014,1722
PANW,2013,1147
PAYX,2023,16600
PAYX,2022,16000
PAYX,2021,15000
PAYX,2020,15800
PAYX,2019,15600
PAYX,2018,14300
PAYX,2017,13700
PAYX,2016,13500
PAYX,2015,13000
PAYX,2014,12700
PAYX,2013,12400
PEGA,2023,5406
PEGA,2022,6145
PEGA,2021,6133
PEGA,2020,5776
PEGA,2019,5155
PEGA,2018,4650
PEGA,2017,4237
PEGA,2016,3908
PEGA,2015,3333
PEGA,2014,2970
PEGA,2013,2627
QRVO,2023,0
QRVO,2022,8900
QRVO,2021,8400
QRVO,2020,7900
QRVO,2019,8100
QRVO,2018,8300
QRVO,2017,8600
QRVO,2016,7300
QRVO,2015,6700
RMBS,2023,623
RMBS,2022,765
RMBS,2021,690
RMBS,2020,623
RMBS,2019,480
RMBS,2018,560
RMBS,2017,570
RMBS,2016,540
RMBS,2015,330
RMBS,2014,330
RMBS,2013,300
SNAP,2023,5289
SNAP,2022,5288
SNAP,2021,5661
SNAP,2020,3863
SNAP,2019,3195
SNAP,2018,2884
SNAP,2017,3069
SPB,2023,3100
SPB,2021,0
SPB,2020,12100
SPB,2019,13000
SPB,2018,13000
SPB,2017,16800
SPB,2016,15700
SPB,2015,15500
SPB,2014,13400
SPB,2013,13500
SPLK,2023,8000
SPLK,2022,7000
SPLK,2021,6500
SPLK,2020,5800
SPLK,2019,4400
SPLK,2018,3200
SPLK,2017,2700
SPLK,2016,2100
SPLK,2015,1400
SPLK,2014,1000
SPLK,2013,736
SQ,2023,12985
SQ,2022,12428
SQ,2021,8521
SQ,2020,5477
SQ,2019,3835
SQ,2018,3349
SQ,2017,2338
SQ,2016,1853
SQ,2015,1449
SRCL,2023,13500
SRCL,2022,15000
SRCL,2021,15000
SRCL,2020,15000
SRCL,2019,19500
SRCL,2018,22500
SRCL,2017,0
SRCL,2016,25000
SRCL,2015,14170
SRCL,2014,1981
SRCL,2013,8376
SUI,2023,6780
SUI,2022,7594
SUI,2021,5961
SUI,2020,4872
SUI,2019,3146
SUI,2018,0
SUI,2017,2727
SUI,2016,2679
SUI,2015,1790
SUI,2014,1525
SUI,2013,1236
TDC,2023,6500
TDC,2022,7000
TDC,2021,7200
TDC,2020,7543
TDC,2019,8535
TDC,2018,10152
TDC,2017,10615
TDC,2016,10093
TDC,2015,11300
TDC,2014,11500
TDC,2013,10800
TSCO,2023,25000
TSCO,2022,24000
TSCO,2021,22000
TSCO,2020,20000
TSCO,2019,16000
TSCO,2018,15000
TSCO,2017,14000
TSCO,2016,13000
TSCO,2015,12000
TSCO,2015,11000
TSCO,2014,10200
TRU,2023,13200
TRU,2022,12200
TRU,2021,10200
TRU,2020,8200
TRU,2019,8000
TRU,2018,7100
TRU,2017,5100
TRU,2016,4700
TRU,2015,4200
TRU,2014,4200
TRU,2013,3700
TFC,2023,49037
TFC,2022,55126
TFC,2021,50283
TFC,2020,52294
TFC,2019,59000
TFC,2018,35852
TFC,2017,36484
TFC,2016,37500
TFC,2015,37200
TFC,2014,33400
TFC,2013,33700
URI,2023,7400
URI,2022,7100
URI,2021,6200
URI,2020,5700
URI,2019,5700
URI,2018,5700
URI,2017,4600
URI,2016,3900
URI,2015,4000
URI,2014,12500
URI,2013,11850
UTL,2023,531
UTL,2022,516
UTL,2021,508
UTL,2020,512
UTL,2019,513
UTL,2018,520
UTL,2017,510
UTL,2016,498
UTL,2015,500
UTL,2014,495
UTL,2013,477
UPWK,2023,800
UPWK,2022,850
UPWK,2021,650
UPWK,2020,540
UPWK,2019,570
UPWK,2018,430
VST,2023,4870
VST,2022,4910
VST,2021,5060
VST,2020,5365
VST,2019,5475
VST,2018,5275
VST,2017,4150
GRA,2020,4000
GRA,2019,4000
GRA,2018,3900
GRA,2017,3700
GRA,2016,3700
GRA,2015,6700
GRA,2014,6500
GRA,2013,6700
WMB,2023,5601
WMB,2022,5043
WMB,2021,4783
WMB,2020,4739
WMB,2019,4812
WMB,2018,5322
WMB,2017,5425
WMB,2016,5604
WMB,2015,6578
WMB,2014,6742
WMB,2013,4909
WDAY,2023,17700
WDAY,2022,15200
WDAY,2021,12500
WDAY,2020,12200
WDAY,2019,10500
WDAY,2018,8200
WDAY,2017,6600
WDAY,2016,5200
WDAY,2015,3750
WDAY,2014,2600
WDAY,2013,1750
FIVE,2023,6500
FIVE,2022,6100
FIVE,2021,5100
FIVE,2020,4400
FIVE,2019,3500
FIVE,2018,2700
FIVE,2017,1800
FIVE,2016,1500
FIVE,2015,1200
FIVE,2014,1000
FIVE,2013,750
XP,2023,77
XP,2022,101
XP,2021,130
XP,2020,70
XP,2019,2429
ZBRA,2023,9750
ZBRA,2022,10500
ZBRA,2021,2800
ZBRA,2020,8800
ZBRA,2019,8200
ZBRA,2018,7400
ZBRA,2017,7000
ZBRA,2016,6500
ZBRA,2015,7000
ZBRA,2014,6800
ZBRA,2013,2583
ZTO,2023,23554
ZTO,2022,24888
ZTO,2021,23865
ZTO,2020,22536
ZTO,2019,0
ZTO,2018,0
ZTO,2017,0
ZTO,2016,0
AZO,2023,119000
AZO,2022,112000
AZO,2021,100000
AZO,2020,100000
AZO,2019,96000
AZO,2018,90000
AZO,2017,87000
AZO,2016,84000
AZO,2015,81000
AZO,2014,76000
AZO,2013,71000
BC,2023,17300
BC,2022,18400
BC,2021,18582
BC,2020,14382
BC,2019,12828
BC,2018,16038
BC,2017,15116
BC,2016,14415
BC,2015,12607
BC,2014,12165
BC,2013,15701
CDAY,2022,8526
CDAY,2021,7462
CDAY,2020,100000
CDAY,2019,843
CDAY,2018,685
CMCSA,2023,186000
CMCSA,2022,186000
CMCSA,2021,189000
CMCSA,2020,168000
CMCSA,2019,190000
CMCSA,2018,184000
CMCSA,2017,164000
CMCSA,2016,159000
CMCSA,2015,153000
CMCSA,2014,139000
CMCSA,2013,136000
SCOR,2023,1250
SCOR,2022,1382
SCOR,2021,1355
SCOR,2020,1340
SCOR,2019,1300
SCOR,2018,1800
SCOR,2017,1830
SCOR,2014,1292
SCOR,2013,1180
CEG,2023,13871
CEG,2022,13370
CEG,2021,12700
DNB,2023,6414
DNB,2022,6355
DNB,2021,6296
DNB,2020,4039
FIS,2023,60000
FIS,2022,69000
FIS,2021,65000
FIS,2020,62000
FIS,2019,55000
FIS,2018,47000
FIS,2017,11000
FIS,2016,55000
FIS,2015,55000
FIS,2014,40000
FIS,2013,38000
FLS,2023,16000
FLS,2022,16000
FLS,2021,16000
FLS,2020,16000
FLS,2019,17000
FLS,2018,17000
FLS,2017,17000
FLS,2016,18000
FLS,2015,19000
FLS,2014,18000
FLS,2013,18000
FCN,2023,7990
FCN,2022,7635
FCN,2021,6780
FCN,2020,6321
FCN,2019,5567
FCN,2018,4768
FCN,2017,4609
FCN,2016,3596
FCN,2015,3516
FCN,2014,3344
FCN,2013,3224
EVRG,2022,4512
EVRG,2021,4930
EVRG,2020,5133
EVRG,2019,4617
EVRG,2018,889
HE,2023,3706
HE,2022,3756
HE,2021,3649
HE,2020,3702
HE,2019,3841
HE,2018,3898
HE,2017,3880
HE,2016,3796
HE,2015,3918
HE,2014,3965
HE,2013,3966
QRTEA,2023,18400
QRTEA,2022,20800
QRTEA,2021,22000
QRTEA,2020,22200
QRTEA,2019,20400
QRTEA,2018,21400
QRTEA,2017,17100
QRTEA,2016,17700
QRTEA,2015,17600
QRTEA,2014,17300
QRTEA,2013,17500
LPX,2023,4100
LPX,2022,4300
LPX,2021,4800
LPX,2020,4500
LPX,2019,4800
LPX,2018,4900
LPX,2017,5000
LPX,2016,4800
LPX,2015,4800
LPX,2014,4500
LPX,2013,4200
MGEE,2023,719
MGEE,2022,701
MGEE,2021,706
MGEE,2020,723
MGEE,2019,731
MGEE,2018,706
MGEE,2017,712
MGEE,2016,704
MGEE,2015,708
MGEE,2014,699
MGEE,2013,695
TIGO,2023,16500
TIGO,2022,20000
TIGO,2021,21000
TIGO,2020,21000
TIGO,2019,22000
TIGO,2018,21000
ODP,2023,20000
ODP,2022,25000
ODP,2021,26000
ODP,2020,37000
ODP,2019,40000
ODP,2018,44000
ODP,2017,45000
ODP,2016,38000
ODP,2015,49000
ODP,2014,56000
ODP,2013,64000
QMCO,2023,850
QMCO,2022,905
QMCO,2021,827
QMCO,2020,829
QMCO,2019,800
QMCO,2017,1150
QMCO,2016,1200
QMCO,2015,1250
QMCO,2014,1290
QMCO,2013,1660
RMD,2023,10140
RMD,2022,8160
RMD,2021,7970
RMD,2020,7770
RMD,2019,7240
RMD,2018,5940
RMD,2017,6080
RMD,2016,5250
RMD,2015,4340
RMD,2014,4100
RMD,2013,3900
SEIC,2023,5061
SEIC,2022,4805
SEIC,2021,100
SEIC,2020,101
SEIC,2019,3724
SEIC,2018,3820
SEIC,2017,3616
SEIC,2016,3186
SEIC,2015,2926
SEIC,2014,2772
SEIC,2013,2682
UGI,2023,5160
UGI,2022,4700
UGI,2021,5800
UGI,2020,6500
UGI,2019,7550
UGI,2018,7700
UGI,2017,8100
UGI,2016,8300
UGI,2015,8500
UGI,2014,8400
UGI,2013,8500
VLO,2023,9908
VLO,2022,9743
VLO,2021,9813
VLO,2020,9964
VLO,2019,10222
VLO,2018,10261
VLO,2017,10015
VLO,2016,9996
VLO,2015,10103
VLO,2014,10065
VLO,2013,10007
HRL,2023,20000
HRL,2022,20000
HRL,2021,20000
HRL,2020,19100
HRL,2019,18800
HRL,2018,20100
HRL,2017,145
HRL,2016,155
HRL,2015,150
HRL,2014,140
HRL,2013,140
ARW,2023,22100
ARW,2022,22300
ARW,2021,20700
ARW,2020,19600
ARW,2019,19300
ARW,2018,20100
ARW,2017,18800
ARW,2016,18700
ARW,2015,18500
ARW,2014,17000
ARW,2013,16500
MLKN,2023,10900
MLKN,2022,11300
MLKN,2021,7600
MLKN,2020,7600
MLKN,2019,8000
MLKN,2018,7681
MLKN,2017,7478
MLKN,2016,7607
MLKN,2015,7510
MLKN,2014,6630
MLKN,2013,5704
FORR,2023,1744
FORR,2022,2033
FORR,2021,1781
FORR,2020,701
FORR,2019,698
FORR,2018,528
FORR,2017,539
FORR,2016,523
FORR,2015,524
FORR,2014,510
FORR,2013,485
CMG,2023,116068
CMG,2022,104958
CMG,2021,97660
CMG,2020,85314
CMG,2019,83000
CMG,2018,73000
CMG,2017,68890
CMG,2016,64570
CMG,2015,59330
CMG,2014,53090
CMG,2013,45340
SLAB,2023,1846
SLAB,2022,1964
SLAB,2022,1667
SLAB,2021,1838
SLAB,2019,1545
SLAB,2018,1505
SLAB,2017,1279
SLAB,2016,1252
SLAB,2016,1199
SLAB,2015,1107
SLAB,2013,1060
CLW,2023,3100
CLW,2022,3000
CLW,2021,3000
CLW,2020,3340
CLW,2019,3290
CLW,2018,3130
CLW,2017,3280
CLW,2016,3370
CLW,2015,3300
CLW,2014,3290
CLW,2013,3860
ACM,2023,52000
ACM,2022,50000
ACM,2021,51000
ACM,2020,54000
ACM,2019,86000
ACM,2018,87000
ACM,2017,87000
ACM,2016,87000
ACM,2015,92000
ACM,2014,43300
ACM,2013,45500
ALB,2022,7400
ALB,2021,6000
ALB,2020,5900
ALB,2019,6000
ALB,2018,5900
ALB,2017,5400
ALB,2016,5000
ALB,2015,6963
ALB,2014,3625
ALB,2013,4231
ARE,2023,568
ARE,2022,593
ARE,2021,559
ARE,2020,470
ARE,2019,439
ARE,2018,386
ARE,2017,323
ARE,2016,285
ARE,2015,278
ARE,2014,243
ARE,2013,215
BFH,2023,7000
BFH,2022,7500
BFH,2021,6000
BFH,2020,8000
BFH,2019,8500
BFH,2018,20000
BFH,2017,20000
BFH,2016,17000
BFH,2015,16000
BFH,2014,15000
BFH,2013,12000
AWI,2023,3100
AWI,2022,3000
AWI,2021,2800
AWI,2020,2700
AWI,2019,2500
AWI,2018,4000
AWI,2017,3900
AWI,2016,3700
AWI,2015,7600
AWI,2014,7400
AWI,2013,8700
DKS,2023,18800
DKS,2022,17800
DKS,2021,16800
DKS,2020,15300
DKS,2019,15200
DKS,2018,15400
DKS,2017,14600
DKS,2016,13100
DKS,2015,12000
DKS,2014,11200
DKS,2013,568
FDS,2023,12237
FDS,2022,11203
FDS,2021,10892
FDS,2020,10484
FDS,2019,9681
FDS,2018,9571
FDS,2017,9074
FDS,2016,8375
FDS,2015,7360
FDS,2014,6639
FDS,2013,4370
MNST,2023,6003
MNST,2022,5296
MNST,2021,4092
MNST,2020,3666
MNST,2019,2422
MNST,2018,2203
MNST,2017,2114
MNST,2016,1836
MNST,2015,1659
MNST,2014,1538
MNST,2013,1571
NATI,2022,7000
NATI,2021,7000
NATI,2020,7000
NATI,2019,7300
NATI,2018,7263
NATI,2017,7412
NATI,2016,7552
NATI,2015,7441
NATI,2014,2055
NATI,2013,7114
OSK,2023,17300
OSK,2022,15000
OSK,2021,15000
OSK,2020,14400
OSK,2019,15400
OSK,2018,15000
OSK,2017,14000
OSK,2016,13800
OSK,2015,13300
OSK,2014,12000
OSK,2013,11900
STLD,2023,12600
STLD,2022,12060
STLD,2021,10640
STLD,2020,9625
STLD,2019,8385
STLD,2018,8200
STLD,2017,7635
STLD,2016,7695
STLD,2015,7500
STLD,2014,7780
STLD,2013,6870
ULTA,2023,0
ULTA,2022,0
ULTA,2021,0
ULTA,2020,18000
ULTA,2019,16000
ULTA,2018,13700
ULTA,2017,11600
ULTA,2016,9700
ULTA,2015,8100
ULTA,2014,6900
ULTA,2013,5600
TRN,2023,2650
TRN,2022,2215
TRN,2021,2000
TRN,2020,3030
TRN,2019,4910
TRN,2018,5150
TRN,2017,8520
TRN,2016,8350
TRN,2015,11490
TRN,2014,12520
TRN,2013,9910
EME,2023,38300
EME,2022,35500
EME,2021,34000
EME,2020,33000
EME,2019,36000
EME,2018,33000
EME,2017,32000
EME,2016,31000
EME,2015,29000
EME,2014,27000
EME,2013,27000
EXR,2023,7618
EXR,2022,4781
EXR,2021,4309
EXR,2020,4013
EXR,2019,4048
EXR,2018,3624
EXR,2017,3380
EXR,2016,3287
EXR,2015,3209
EXR,2014,2643
EXR,2013,2584
HUN,2023,6000
HUN,2022,7000
HUN,2021,9000
HUN,2020,9000
HUN,2019,10000
HUN,2018,10000
HUN,2017,10000
HUN,2016,15000
HUN,2015,15000
HUN,2014,16000
HUN,2013,12000
THRM,2023,14504
THRM,2022,14568
THRM,2021,10474
THRM,2020,4596
THRM,2019,11726
THRM,2018,13755
THRM,2017,13069
THRM,2016,11685
THRM,2015,10098
THRM,2014,8607
THRM,2013,7403
AXL,2023,19000
AXL,2022,19000
AXL,2021,18000
AXL,2020,20000
AXL,2019,20000
AXL,2018,25000
AXL,2017,25000
AXL,2016,13100
AXL,2015,13050
AXL,2014,12820
AXL,2013,12650
CDW,2023,15100
CDW,2022,15100
CDW,2021,13900
CDW,2020,10000
CDW,2019,9900
CDW,2018,9019
CDW,2017,8726
CDW,2016,8516
CDW,2015,8465
CDW,2014,7211
CDW,2013,5000
NP,2021,2493
NP,2020,2239
NP,2019,2324
NP,2018,2641
NP,2017,2612
NP,2016,2303
NP,2015,2340
NP,2014,2000
NP,2013,1875
BURL,2023,0
BURL,2022,62395
BURL,2021,55959
BURL,2020,47000
BURL,2019,44000
BURL,2018,40000
BURL,2017,40000
BURL,2016,37500
BURL,2015,34000
BURL,2014,30095
KFY,2023,10697
KFY,2022,10779
KFY,2021,7889
KFY,2020,8198
KFY,2019,8678
KFY,2018,7643
KFY,2017,7232
KFY,2016,3626
KFY,2015,894
KFY,2014,794
KFY,2013,886
BLKB,2023,3000
BLKB,2022,3200
BLKB,2021,3600
BLKB,2020,3100
BLKB,2019,3611
BLKB,2018,3353
BLKB,2017,669
BLKB,2016,648
BLKB,2015,617
BLKB,2014,576
BLKB,2013,464
ZG,2022,5724
ZG,2021,8005
ZG,2020,5504
ZG,2019,5249
ZG,2018,4336
ZG,2017,3181
ZG,2016,2776
ZG,2015,2204
AYI,2023,12200
AYI,2022,13200
AYI,2021,13000
AYI,2020,11500
AYI,2019,12000
AYI,2018,13000
AYI,2017,12500
AYI,2016,11800
AYI,2015,7800
AYI,2014,7000
AYI,2013,6500
FAF,2023,19210
FAF,2021,22233
FAF,2020,19597
FAF,2019,18412
FAF,2018,18251
FAF,2017,18705
FAF,2016,19531
FAF,2015,17955
FAF,2014,17103
FAF,2013,17292
AER,2023,0
AER,2022,0
AER,2021,0
AER,2020,0
AER,2019,0
AER,2018,0
AER,2017,0
AER,2016,0
AER,2015,411
AER,2014,390
AER,2013,40
CONE,2021,456
CONE,2020,441
CONE,2019,452
CONE,2018,448
CONE,2017,416
CONE,2016,380
CONE,2015,400
CONE,2014,300
CONE,2013,260
FTV,2023,0
FTV,2022,0
FTV,2021,0
FTV,2020,17000
FTV,2019,25000
FTV,2018,24000
FTV,2017,26000
FTV,2016,24000
DOOR,2023,10000
DOOR,2023,10000
DOOR,2022,10300
DOOR,2021,10500
DOOR,2019,10000
DOOR,2018,10000
DOOR,2017,10000
DOOR,2017,10200
DOOR,2016,10200
DOOR,2014,10300
DOOR,2013,9600
ZS,2023,5962
ZS,2022,4975
ZS,2021,3153
ZS,2020,2020
ZS,2019,1480
ZS,2018,1050
TWNK,2022,2800
TWNK,2021,2600
TWNK,2020,3000
TWNK,2019,2000
TWNK,2018,2000
TWNK,2017,1340
TWNK,2016,1350
TWNK,2015,3
RDWR,2023,408
RDWR,2022,419
RDWR,2021,365
RDWR,2020,361
RDWR,2019,358
RDWR,2018,316
RDWR,2017,320
RDWR,2016,318
RDWR,2015,340
RDWR,2014,305
RDWR,2013,292
SRI,2023,4850
SRI,2022,5250
SRI,2021,5000
SRI,2020,4800
SRI,2019,4700
SRI,2018,4600
SRI,2017,4500
SRI,2016,4200
SRI,2015,4100
SRI,2014,4200
SRI,2013,9300
CNXC,2023,440000
CNXC,2022,315000
CNXC,2021,290000
CNXC,2020,270000
PAGS,2023,7273
PAGS,2022,7223
PAGS,2021,6751
PAGS,2020,4611
PAGS,2019,2578
PAGS,2018,1154
PAGS,2017,716
VVV,2023,10000
VVV,2022,0
VVV,2021,0
VVV,2020,8800
VVV,2019,7900
VVV,2018,6700
VVV,2017,5600
VVV,2016,5150
MSA,2023,5100
MSA,2022,5000
MSA,2021,4800
MSA,2020,4800
MSA,2019,4800
MSA,2018,4800
MSA,2017,4700
MSA,2016,4300
MSA,2015,4600
MSA,2014,5000
MSA,2013,5000
MKTX,2023,881
MKTX,2022,744
MKTX,2021,676
MKTX,2020,606
MKTX,2019,527
MKTX,2018,454
MKTX,2017,429
MKTX,2016,383
MKTX,2015,342
MKTX,2014,303
MKTX,2013,293
BZUN,2023,7827
BZUN,2022,7588
BZUN,2021,8821
BZUN,2020,6076
BZUN,2019,5979
BZUN,2018,5141
BZUN,2017,3994
BZUN,2016,2984
BZUN,2015,2496
BCPC,2023,1302
BCPC,2022,1340
BCPC,2021,1317
BCPC,2020,1342
BCPC,2019,1424
BCPC,2018,1135
BCPC,2017,1165
BCPC,2016,1060
BCPC,2015,875
BCPC,2014,845
BCPC,2013,387
WEN,2023,15300
WEN,2023,14500
WEN,2022,14500
WEN,2021,14000
WEN,2019,13300
WEN,2018,12500
WEN,2017,12100
WEN,2017,12100
WEN,2016,21200
WEN,2014,31200
WEN,2013,37000
PTON,2023,2765
PTON,2022,3723
PTON,2021,6743
PTON,2020,3281
AMZN,2023,1525000
AMZN,2022,1541000
AMZN,2021,1608000
AMZN,2020,1298000
AMZN,2019,798000
AMZN,2018,647500
AMZN,2017,566000
AMZN,2016,341400
AMZN,2015,230800
AMZN,2014,154100
AMZN,2013,117300
AMSYF,2023,126756
AMSYF,2022,154352
AMSYF,2021,158000
AMSYF,2020,168000
AMSYF,2019,191000
AMSYF,2018,209000
AMSYF,2017,197000
AMSYF,2016,199000
AMSYF,2015,209000
AMSYF,2014,222000
AMSYF,2013,232000
ASML,2023,42400
ASML,2022,39000
ASML,2021,32000
ASML,2020,28000
ASML,2019,24900
ASML,2018,23247
ASML,2017,19216
ASML,2016,13991
ASML,2015,12168
ASML,2014,14072
ASML,2013,13225
AZN,2023,0
AZN,2022,0
AZN,2021,0
AZN,2020,0
AZN,2019,0
AZN,2018,0
AZN,2017,200000
AZN,2016,0
AZN,2015,0
AZN,2014,9
AZN,2013,700
BALL,2023,21000
BALL,2022,21000
BALL,2021,24300
BALL,2020,21500
BALL,2019,18300
BALL,2018,17500
BALL,2017,18300
BALL,2016,18450
BALL,2015,15200
BALL,2014,8000
BALL,2013,8200
BLDP,2023,0
BLDP,2022,0
BLDP,2021,0
BLDP,2020,0
BLDP,2019,0
BLDP,2018,0
BLDP,2017,0
BLDP,2016,0
BLDP,2015,0
BLDP,2014,0
BLDP,2013,0
BNS,2023,0
BNS,2022,0
BNS,2021,0
BNS,2020,0
BNS,2020,0
GOLD,2023,0
GOLD,2022,0
GOLD,2021,0
GOLD,2020,0
GOLD,2019,0
GOLD,2018,0
GOLD,2017,0
GOLD,2016,0
GOLD,2015,0
GOLD,2014,0
GOLD,2013,0
BCE,2023,0
BCE,2022,0
BCE,2021,0
BCE,2020,0
BCE,2019,0
BCE,2018,0
BCE,2018,0
BCE,2017,0
BCE,2016,0
BCE,2015,0
BCE,2014,0
BCE,2013,0
AVGO,2023,20000
AVGO,2022,20000
AVGO,2021,20000
AVGO,2020,21000
AVGO,2019,19000
AVGO,2018,15000
CP,2023,18233
CP,2022,12570
CP,2021,12000
CP,2020,12000
CP,2019,13103
CP,2018,12770
CP,2017,13858
CP,2016,14604
CP,2015,15011
CP,2014,16999
CP,2013,16999
CM,2023,0
CM,2022,0
CM,2021,0
CM,2020,0
CIG,2023,4917
CIG,2022,4969
CIG,2021,5025
CIG,2020,5254
CIG,2019,5596
CIG,2018,6083
CIG,2017,5864
CIG,2016,7119
CIG,2015,6202
CIG,2014,7922
CIG,2013,7922
DT,2023,4180
DT,2022,3600
DT,2021,2779
DT,2020,2243
CSGP,2023,6152
CSGP,2022,5653
CSGP,2021,4742
CSGP,2020,4752
CSGP,2019,4337
CSGP,2018,3705
CSGP,2017,3711
CSGP,2016,3064
CSGP,2015,2631
CSGP,2014,2444
CSGP,2013,2046
CSAN,2023,11656
CSAN,2022,11181
CSAN,2021,10581
CSAN,2020,11930
ERF,2023,0
ERF,2022,0
ERF,2021,0
ERF,2020,0
ERF,2019,0
ERF,2018,0
ERF,2017,0
ERF,2016,0
ERF,2015,0
ERF,2014,0
ERF,2013,0
FHN,2023,7378
FHN,2022,7542
FHN,2021,7500
FHN,2020,0
FHN,2019,5017
FHN,2018,5577
FHN,2017,5984
FHN,2016,4288
FHN,2015,4293
FHN,2014,4310
FHN,2013,4340
FNV,2023,0
FNV,2022,0
FNV,2021,0
FNV,2020,0
FNV,2019,0
FNV,2018,0
FNV,2017,0
FNV,2016,0
FNV,2015,0
FNV,2014,0
FNV,2013,0
GIL,2023,0
GIL,2023,0
GIL,2022,0
GIL,2021,0
GIL,2019,53000
GIL,2018,50000
GIL,2017,50000
GIL,2017,48000
GIL,2016,42000
GIL,2014,43000
GIL,2013,34000
GLAXF,2023,70212
GLAXF,2022,69400
GIFLF,2023,2000
GIFLF,2022,1636
GIFLF,2021,1488
GIFLF,2020,1100
GIFLF,2019,1100
GIFLF,2018,1100
GIFLF,2017,1100
GIFLF,2016,1332
GIFLF,2015,1269
GIFLF,2014,550
GIFLF,2013,550
GCC,2019,0
GCC,2018,0
GCC,2017,0
GCC,2016,0
GCC,2015,0
GCC,2014,0
GCC,2013,0
HOG,2023,3
HOG,2022,6
HOG,2021,4500
HOG,2020,4600
HOG,2019,5000
HOG,2018,5300
HOG,2017,5200
HOG,2016,5400
HOG,2015,5700
HOG,2014,5900
HOG,2013,5800
ISRG,2023,13676
ISRG,2022,12120
ISRG,2021,9793
ISRG,2020,8081
ISRG,2019,7326
ISRG,2018,5527
ISRG,2017,4444
ISRG,2016,3755
ISRG,2015,3211
ISRG,2014,2978
ISRG,2013,2792
JHX,2023,5473
JHX,2022,5196
JHX,2021,4916
JHX,2020,4916
JHX,2019,4916
JHX,2018,3960
JHX,2017,3577
JHX,2016,3257
JHX,2015,3178
JHX,2014,3100
JHX,2013,2700
KGC,2023,0
KGC,2022,0
KGC,2021,0
KGC,2020,0
KGC,2019,0
KGC,2018,0
KGC,2017,0
KGC,2016,0
KGC,2015,0
KGC,2014,0
KGC,2013,0
LYG,2023,62569
LYG,2022,59354
LYG,2021,57955
LYG,2020,61576
LYG,2019,63069
LYG,2018,64928
LYG,2017,67905
LYG,2016,70433
LYG,2015,75306
LYG,2014,84490
LYG,2013,88977
MTB,2023,22223
MTB,2022,22808
MTB,2021,17569
MTB,2020,17373
MTB,2019,16998
MTB,2018,16413
MTB,2017,15913
MTB,2016,16000
MTB,2015,16331
MTB,2014,14609
MTB,2013,14629
MGA,2022,0
MGA,2021,0
MGA,2020,0
MGA,2019,0
MGA,2018,0
MGA,2017,0
MGA,2016,0
MGA,2015,0
MGA,2014,0
MGA,2013,0
M&M.NS,2023,94570
M&M.NS,2022,88857
M&M.NS,2021,90000
M&M.NS,2020,123000
M&M.NS,2019,130000
M&M.NS,2018,130000
M&M.NS,2017,148300
M&M.NS,2016,157900
M&M.NS,2015,166900
M&M.NS,2014,172500
M&M.NS,2013,175700
MFI,2023,33
MFG,2023,51212
MFG,2022,52420
MFG,2021,54492
MFG,2020,57264
MFG,2019,59132
MFG,2018,60051
MFG,2017,59179
MFG,2016,56375
MFG,2015,54784
MFG,2014,54911
MFG,2013,56375
VTRS,2022,0
VTRS,2021,0
VTRS,2020,45000
VTRS,2019,0
NVSEF,2023,3
NVSEF,2022,5
NVSEF,2021,110
NVSEF,2020,106
NVSEF,2019,104
NVSEF,2018,125000
NVSEF,2017,473
NVSEF,2016,10000
NVSEF,2015,9500
NVSEF,2014,133413
NVSEF,2013,135696
SSRM,2023,2500
SSRM,2022,2500
SSRM,2021,2429
SSRM,2020,0
SSRM,2019,0
SSRM,2018,0
SSRM,2017,0
SSRM,2016,0
SSRM,2016,0
SSRM,2015,0
SSRM,2013,0
SLF,2023,0
SLF,2022,0
SLF,2021,0
SLF,2020,0
SLF,2019,0
SLF,2018,0
SLF,2017,0
SLF,2016,0
SLF,2015,0
SLF,2014,0
SLF,2013,0
SMFNF,2023,9800
SMFNF,2022,10600
SMFNF,2021,11300
SMFNF,2020,11900
SMFNF,2019,13100
SMFNF,2018,15100
SMFNF,2017,16000
SMFNF,2016,66500
SMFNF,2015,64600
SMFNF,2014,16300
SMFNF,2013,16800
GEN,2023,3700
TEX,2023,10200
TEX,2022,9300
TEX,2021,8600
TEX,2020,8200
TEX,2019,9500
TEX,2018,11700
TEX,2017,10700
TEX,2016,11300
TEX,2015,20400
TEX,2014,20400
TEX,2013,20500
TIMB,2023,9275
TIMB,2021,9337
TIMB,2020,9421
TRI,2023,0
TRI,2022,0
TRI,2021,0
TRI,2020,0
TRI,2019,0
TRI,2018,0
TRI,2017,0
TRI,2016,0
TRI,2015,0
TRI,2014,0
TRI,2013,0
TD,2023,0
TD,2022,0
TD,2021,0
TTE,2023,14000
TTE,2022,3536
TTE,2021,3830
TTE,2020,4088
TTE,2019,0
TTE,2018,0
TTE,2017,14
TTE,2016,12
TTE,2015,96019
TTE,2014,100307
TTE,2013,98799
PARA,2022,24500
PARA,2021,22965
PARA,2020,22109
PARA,2019,23990
PARA,2018,12770
PARA,2017,12700
PARA,2016,15550
PARA,2015,16260
PARA,2014,17310
PARA,2013,19490
VET,2023,0
VET,2022,0
VET,2021,0
VET,2020,0
VET,2019,0
VET,2018,0
VET,2017,0
VET,2016,0
VET,2015,0
VET,2014,0
VET,2013,0
VODPF,2023,104000
VODPF,2018,80000
VODPF,2022,96941
VODPF,2021,1000
VODPF,2020,93000
VODPF,2019,21000
VODPF,2018,0
VODPF,2017,108271
VODPF,2016,108000
VODPF,2015,105970
VODPF,2014,97721
VODPF,2013,91000
WFG,2023,0
WFG,2022,0
WFG,2021,0
FERG,2023,32000
FERG,2022,36000
FERG,2021,28000
WPPGF,2023,114173
WPPGF,2022,115473
WPPGF,2021,109382
WPPGF,2020,100000
WPPGF,2019,106786
WPPGF,2018,134281
WPPGF,2017,134413
WPPGF,2016,134341
WPPGF,2015,128123
WPPGF,2014,123621
WPPGF,2013,119116
YPF,2023,21594
YPF,2022,23301
YPF,2021,21321
YPF,2020,20298
YPF,2019,22932
YPF,2018,21314
YPF,2017,19072
YPF,2016,19257
YPF,2015,22025
YPF,2014,22032
YPF,2013,17747
BEP,2023,4770
BEP,2022,3400
BEP,2021,2875
BEP,2020,2630
BEP,2019,2600
BEP,2018,2325
BEP,2017,2270
BEP,2016,2175
BEP,2016,2150
BEP,2014,1500
BEP,2013,1200
SAIC,2023,25000
SAIC,2022,26000
SAIC,2021,26000
SAIC,2020,24000
SAIC,2019,23000
SAIC,2018,15000
SAIC,2017,15500
SAIC,2016,15000
SAIC,2015,13000
SAIC,2014,13000
STEM,2023,624
STEM,2022,660
STEM,2021,213
STEM,2020,2
NICE,2023,8384
NICE,2022,7926
NICE,2021,7102
NICE,2020,6383
NICE,2019,5996
NICE,2018,5504
NICE,2017,5208
NICE,2016,4930
NICE,2015,3316
NICE,2014,3513
NICE,2013,3576
ESLT,2023,4600
ESLT,2022,4390
ESLT,2021,4640
ESLT,2020,5290
ESLT,2019,5165
ESLT,2018,5060
ESLT,2017,2440
ESLT,2016,2380
ESLT,2015,2390
ESLT,2014,2260
ESLT,2013,2300
PHM,2023,6382
PHM,2022,6524
PHM,2021,6182
PHM,2020,5249
PHM,2019,5245
PHM,2018,5086
PHM,2017,4810
PHM,2016,4623
PHM,2015,4542
PHM,2014,4149
PHM,2013,3843
PWR,2023,52500
PWR,2022,47300
PWR,2021,43700
PWR,2020,35800
PWR,2019,40300
PWR,2018,39200
PWR,2017,32800
PWR,2016,28100
PWR,2015,24500
PWR,2014,24600
PWR,2013,20900
BKNG,2023,23600
BKNG,2022,21600
BKNG,2021,20300
BKNG,2020,20300
BKNG,2019,26400
BKNG,2018,24500
BKNG,2017,22900
BKNG,2016,18500
BKNG,2015,15500
BKNG,2014,12700
BKNG,2013,9500
ORLY,2022,87745
ORLY,2021,83636
ORLY,2020,77827
ORLY,2019,82167
ORLY,2018,79174
ORLY,2017,75289
ORLY,2016,74715
ORLY,2015,71943
ORLY,2014,67926
ORLY,2013,62533
ICL,2023,13619
ICL,2022,13619
ICL,2021,13233
ICL,2020,1400
ICL,2019,1500
ICL,2018,12125
ICL,2017,12627
ICL,2016,13414
ICL,2015,13558
ICL,2014,12457
UBS,2023,0
UBS,2022,18500
UBS,2021,10000
UBS,2020,71551
UBS,2019,68601
UBS,2018,23618
UBS,2017,9665
UBS,2016,9721
UBS,2015,10239
UBS,2014,16700
HA,2023,7362
HA,2022,7108
HA,2021,6674
HA,2020,5278
HA,2019,7437
HA,2018,7244
HA,2017,6660
HA,2016,6199
HA,2015,5548
HA,2014,5380
HA,2013,5249
PFC,2022,1206
PFC,2021,1180
PFC,2020,1195
PFC,2019,699
PFC,2018,696
PFC,2017,674
PFC,2016,581
PFC,2015,586
PFC,2014,555
PFC,2013,549
ZIVO,2023,8
ZIVO,2022,8
ZIVO,2021,10
ZIVO,2020,8
ZIVO,2019,5
ZIVO,2018,4
ZIVO,2017,3
ZIVO,2016,2
ZIVO,2015,2
ZIVO,2014,2
ZIVO,2013,3
AMAL,2023,425
AMAL,2022,409
AMAL,2021,375
AMAL,2020,370
EURN,2023,0
EURN,2022,0
EURN,2021,60
EURN,2020,63
EURN,2019,61
EURN,2018,72
EURN,2017,39
EURN,2016,39
EURN,2015,41
EURN,2014,39
CCI,2023,4700
CCI,2022,5000
CCI,2021,5000
CCI,2020,4900
CCI,2019,5100
CCI,2018,5000
CCI,2017,4500
CCI,2016,3200
CCI,2015,2700
CCI,2014,2400
CCI,2013,1900
LSTR,2023,1468
LSTR,2022,1449
LSTR,2021,1399
LSTR,2020,1320
LSTR,2019,1333
LSTR,2018,1306
LSTR,2017,1273
LSTR,2016,1197
LSTR,2015,1223
LSTR,2014,1211
LSTR,2013,1217
MEG,2023,3100
MEG,2022,2900
MEG,2021,1000
MEG,2020,550
AWK,2023,6500
AWK,2022,6500
AWK,2021,6400
AWK,2020,7000
AWK,2019,371
AWK,2018,220
AWK,2017,180
AWK,2016,100
AWK,2015,0
AWK,2014,0
AWK,2013,6600
JBSS,2023,1400
JBSS,2022,1300
JBSS,2021,1300
JBSS,2020,1370
JBSS,2019,1470
JBSS,2018,1450
JBSS,2017,1325
JBSS,2016,1350
JBSS,2015,1450
JBSS,2014,1300
JBSS,2013,1300
BGS,2023,2912
BGS,2022,3085
BGS,2022,2847
BGS,2021,3207
BGS,2019,2899
BGS,2018,2675
BGS,2017,2680
BGS,2016,2590
BGS,2016,2003
BGS,2015,956
BGS,2013,984
FTNT,2023,1000000
FTNT,2022,12595
FTNT,2021,10195
FTNT,2020,8238
FTNT,2019,7082
FTNT,2018,5845
FTNT,2017,5066
FTNT,2016,4665
FTNT,2015,4018
FTNT,2014,2854
FTNT,2013,2308
RBBN,2023,3107
RBBN,2022,3394
RBBN,2021,3685
RBBN,2020,3784
RBBN,2019,2209
RBBN,2018,2245
RBBN,2017,2457
WOLF,2023,4802
WOLF,2022,4017
WOLF,2021,3466
WOLF,2020,5130
WOLF,2019,5319
WOLF,2018,6796
WOLF,2017,6039
WOLF,2016,6237
WOLF,2015,6387
WOLF,2014,7130
WOLF,2013,6120
DLTR,2023,0
DLTR,2022,210500
DLTR,2021,199300
DLTR,2020,56900
DLTR,2019,57200
DLTR,2018,56300
DLTR,2017,55300
DLTR,2016,55300
DLTR,2015,18100
DLTR,2014,17600
DLTR,2013,15380
INDV,2023,1164
OEC,2023,1650
OEC,2022,1600
OEC,2021,1475
OEC,2020,1400
OEC,2019,1493
OEC,2018,1437
OEC,2017,1441
OEC,2016,1460
OEC,2015,1527
OEC,2014,1342
CXM,2023,3511
CXM,2022,3245
TLS,2023,619
TLS,2022,738
TLS,2021,849
TLS,2020,785
TLS,2019,730
TLS,2018,627
TLS,2017,508
TLS,2016,502
TLS,2015,521
TLS,2014,538
TLS,2013,536
PLCE,2023,11300
PLCE,2022,11900
PLCE,2021,13300
PLCE,2020,17300
PLCE,2019,18700
PLCE,2018,15800
PLCE,2017,15500
PLCE,2016,15300
PLCE,2015,16000
PLCE,2014,16500
PLCE,2013,18300
PRTC,2023,200000
PRTC,2022,200000
PRTC,2021,200000
PRTC,2020,200000
DXCM,2023,9600
DXCM,2022,7600
DXCM,2021,6300
DXCM,2020,5500
DXCM,2019,3900
DXCM,2018,2800
DXCM,2017,2290
DXCM,2016,1900
DXCM,2015,1212
DXCM,2014,838
DXCM,2013,646
FANG,2023,1023
FANG,2022,972
FANG,2021,870
FANG,2020,732
FANG,2019,712
FANG,2018,711
FANG,2017,251
FANG,2016,158
FANG,2015,141
FANG,2014,114
FANG,2013,68
PTC,2023,7231
PTC,2022,6503
PTC,2021,6709
PTC,2020,6243
PTC,2019,6055
PTC,2018,6110
PTC,2017,6041
PTC,2016,5800
PTC,2015,5982
PTC,2014,6444
PTC,2013,6000
YELP,2023,4872
YELP,2022,4900
YELP,2021,4400
YELP,2020,3900
YELP,2019,5950
YELP,2018,6030
YELP,2017,5196
YELP,2016,4256
YELP,2015,3826
YELP,2014,2711
YELP,2013,1984
HRT,2023,3190
HRT,2022,3078
HRT,2021,2760
ETWO,2023,4017
ETWO,2022,3682
ETWO,2021,2436
ETWO,2020,2
PTVE,2023,15000
PTVE,2022,16000
PTVE,2021,16200
PTVE,2020,14600
PTVE,2019,26000
PTVE,2018,27000
PTVE,2017,28000
PTVE,2016,29000
PTVE,2015,30000
PTVE,2014,35000
PTVE,2013,37000
LILA,2023,10600
LILA,2022,11000
LILA,2021,11900
LILA,2020,11900
LILA,2019,10000
LILA,2018,10800
LILA,2017,10300
MELI,2023,15638
MELI,2022,13856
MELI,2021,9471
MELI,2020,5201
MELI,2019,3492
MELI,2018,2409
MELI,2017,1655
MELI,2016,1226
MELI,2015,848
MELI,2014,639
MELI,2013,403
BAMI,2023,0
BAMI,2022,0
BAMI,2021,0
BAMI,2020,0
BAMI,2019,0
BAMI,2018,0
BAMI,2017,0
BAMI,2016,0
BAMI,2015,0
BAMI,2014,0
BAMI,2013,0
CSIQ,2023,22200
CSIQ,2022,18423
CSIQ,2021,13535
CSIQ,2020,12774
CSIQ,2019,13478
CSIQ,2018,12442
CSIQ,2017,12129
CSIQ,2016,9724
CSIQ,2015,8969
CSIQ,2014,8673
CSIQ,2013,7736
COUP,2022,3076
COUP,2021,2615
COUP,2020,1693
COUP,2019,1202
COUP,2018,833
COUP,2017,652
HZN,2021,3800
HZN,2020,4000
HZN,2019,3600
HZN,2018,4200
HZN,2017,4300
HZN,2016,4250
HZN,2015,2700
GTT,2019,3100
GTT,2018,3200
GTT,2017,1257
GTT,2016,662
GTT,2015,572
GTT,2014,294
GTT,2013,189
COHR,2023,27000
PSN,2023,0
PSN,2022,6184
PSN,2021,6300
PSN,2020,15500
PSN,2019,15879
XELA,2023,14100
XELA,2022,16000
XELA,2021,17000
XELA,2020,19000
XELA,2019,22700
XELA,2018,22000
XELA,2017,22000
XELA,2016,2
XELA,2015,4
XELA,2014,0
PSTG,2023,5100
PSTG,2022,4200
PSTG,2021,3800
PSTG,2020,3400
PSTG,2019,2800
PSTG,2018,2100
PSTG,2017,1700
PSTG,2016,1300
BKI,2022,6100
BKI,2021,6400
BKI,2020,5700
BKI,2019,4900
BKI,2018,4700
BKI,2017,4430
BKI,2016,4250
BKI,2015,4100
ELF,2023,339
ELF,2022,303
ELF,2021,267
ELF,2020,209
ELF,2018,277
ELF,2017,262
ELF,2016,249
TWKS,2023,10500
TWKS,2022,12500
TWKS,2021,10600
SBLK,2023,216
SBLK,2022,209
SBLK,2021,1000
SBLK,2020,1000
SBLK,2019,950
SBLK,2018,900
SBLK,2017,900
SBLK,2016,900
SBLK,2015,900
SBLK,2014,900
SBLK,2013,80
INTR,2023,0
INTR,2021,0
CPAC,2023,1772
CPAC,2022,1713
CPAC,2021,1683
CPAC,2020,1667
CPAC,2019,1721
CPAC,2018,1477
CPAC,2017,1386
CPAC,2016,1331
CPAC,2015,1544
CPAC,2014,1482
CPAC,2013,1656
MDB,2023,2249
MDB,2022,3544
MDB,2021,1171
MDB,2020,476
MDB,2019,335
MDB,2018,249
TEO,2023,21000
TEO,2022,21729
TEO,2021,22587
TEO,2020,23000
TEO,2019,23728
TEO,2018,25343
TEO,2017,15396
TEO,2016,15970
TEO,2015,16224
TEO,2014,16416
TEO,2013,16581
RNW,2023,2481
RNW,2022,1675
RNW,2021,13
VECO,2023,1215
VECO,2022,1221
VECO,2021,1091
VECO,2020,993
VECO,2019,954
VECO,2018,1043
VECO,2017,1014
VECO,2016,716
VECO,2015,783
VECO,2014,800
VECO,2013,800
KLIC,2023,2877
KLIC,2022,2944
KLIC,2021,2854
KLIC,2020,2544
KLIC,2019,2469
KLIC,2018,2681
KLIC,2017,2778
KLIC,2016,2389
KLIC,2015,2373
KLIC,2014,1943
KLIC,2013,1914
FOXF,2023,4300
FOXF,2022,4400
FOXF,2021,4100
FOXF,2021,3000
FOXF,2020,2600
FOXF,2018,2240
FOXF,2017,1800
FOXF,2016,1700
FOXF,2015,1500
FOXF,2014,1000
FOXF,2013,670
FRPT,2023,1083
FRPT,2022,1011
FRPT,2021,789
FRPT,2020,591
FRPT,2019,462
FRPT,2018,382
FRPT,2017,260
FRPT,2016,218
FRPT,2015,190
FRPT,2014,162
TMST,2022,1700
TMST,2021,1850
TMST,2020,2000
TMST,2019,2500
TMST,2018,3000
TMST,2017,2830
TMST,2016,2500
TMST,2015,2600
TMST,2014,3000
CARR,2023,53000
CARR,2022,52000
CARR,2021,58000
CARR,2020,56000
GPRK,2023,470
GPRK,2022,482
GPRK,2021,463
GPRK,2020,437
GPRK,2019,439
GPRK,2018,457
GPRK,2017,405
GPRK,2016,345
GPRK,2015,352
GPRK,2014,456
GPRK,2013,404
GFL,2023,0
GFL,2022,0
GFL,2021,0
GFL,2020,15475
MTLS,2023,0
MTLS,2022,0
MTLS,2021,0
MTLS,2020,0
MTLS,2019,2
MTLS,2018,0
MTLS,2017,18
MTLS,2016,23
MTLS,2015,23
MTLS,2014,20
ZI,2023,3516
ZI,2022,3540
ZI,2021,2742
ZI,2020,1747
CROX,2023,7030
CROX,2022,6680
CROX,2021,5770
CROX,2020,4600
CROX,2019,0
CROX,2018,0
CROX,2017,4382
CROX,2016,5068
CROX,2015,5400
CROX,2014,4900
CROX,2013,5000
BSY,2023,0
BSY,2022,5000
BSY,2021,4626
BSY,2020,0
ASIX,2023,1450
ASIX,2022,1458
ASIX,2021,1375
ASIX,2020,1400
ASIX,2019,1520
ASIX,2018,1485
ASIX,2017,1510
ASIX,2016,1340
RYAM,2023,2800
RYAM,2022,2500
RYAM,2021,2500
RYAM,2020,4000
RYAM,2019,4000
RYAM,2018,4200
RYAM,2017,4200
RYAM,2016,1200
RYAM,2015,1200
RYAM,2014,1300
KD,2021,90000
NCNO,2023,1791
NCNO,2022,1681
TW,2023,1179
TW,2022,1091
TW,2021,1046
TW,2020,961
TW,2019,919
CFLT,2023,2744
CFLT,2022,2761
CFLT,2021,1981
ZD,2023,4200
ZD,2022,4400
ZD,2021,4900
ZD,2020,4700
ZD,2019,3090
ZD,2018,2587
ZD,2017,2487
ZD,2016,2426
ZD,2015,1608
ZD,2014,1410
ZD,2013,1130
CYRX,2023,1170
CYRX,2022,1024
CYRX,2021,847
CYRX,2020,625
CYRX,2019,125
CYRX,2018,500
CYRX,2017,57
CYRX,2016,31
CYRX,2015,27
CYRX,2014,19
CYRX,2013,17
WEYS,2023,608
WEYS,2022,643
WEYS,2021,608
WEYS,2020,556
WEYS,2019,654
WEYS,2018,626
WEYS,2017,626
WEYS,2016,661
WEYS,2015,662
WEYS,2014,640
WEYS,2013,599
CMCO,2023,3392
CMCO,2022,3224
CMCO,2021,2651
CMCO,2020,2997
CMCO,2019,3128
CMCO,2018,3328
CMCO,2017,3380
CMCO,2016,2896
CMCO,2015,2747
CMCO,2014,2626
CMCO,2013,2578
FLNG,2023,10
FLNG,2022,9
FLNG,2021,8
FLNG,2020,9
FLNG,2019,8
DOLE,2023,34078
DOLE,2022,37422
DOLE,2021,38500
MTX,2023,217
MTX,2022,217
MTX,2021,3961
MTX,2020,3566
MTX,2019,3628
MTX,2018,3720
MTX,2017,3657
MTX,2016,3583
MTX,2015,3868
MTX,2014,4464
MTX,2013,1978
LOCL,2023,301
LOCL,2022,289
LOCL,2021,111
SKE,2023,0
SKE,2022,0
SKE,2021,0
HLNCF,2023,25408
HLNCF,2022,24622
MAXN,2023,43
MAXN,2023,45
MAXN,2022,40
MAXN,2021,0
APEI,2023,27000
APEI,2022,25000
APEI,2021,5800
APEI,2020,2940
APEI,2019,2900
APEI,2018,1790
APEI,2017,1920
APEI,2016,2040
APEI,2015,2210
APEI,2014,2240
APEI,2013,2250
CWT,2023,1266
CWT,2022,1225
CWT,2021,1182
CWT,2020,1192
CWT,2019,1207
CWT,2018,1184
CWT,2017,1176
CWT,2016,1163
CWT,2015,1155
CWT,2014,1105
CWT,2013,1125
FWRD,2023,4014
FWRD,2022,4155
FWRD,2021,4035
FWRD,2020,3774
FWRD,2019,4640
FWRD,2018,4362
FWRD,2017,3857
FWRD,2016,3689
FWRD,2015,3439
FWRD,2014,2820
FWRD,2013,2371
MODV,2023,0
MODV,2022,20000
MODV,2021,20200
MODV,2020,17500
MODV,2019,3800
MODV,2018,4000
MODV,2017,7100
MODV,2016,7590
MODV,2015,9072
MODV,2014,13700
MODV,2013,8500
OMI,2023,13700
OMI,2022,13400
OMI,2021,6900
OMI,2020,6300
OMI,2019,6400
OMI,2018,6700
OMI,2017,6200
OMI,2016,5600
OMI,2015,5800
OMI,2014,5700
OMI,2013,4900
QTWO,2023,2315
QTWO,2022,2249
QTWO,2021,2028
QTWO,2020,1751
QTWO,2019,1574
QTWO,2018,1190
QTWO,2017,844
QTWO,2016,742
QTWO,2015,658
QTWO,2014,501
DZSI,2023,0
DZSI,2022,0
DZSI,2021,840
DZSI,2020,830
DZSI,2019,789
DZSI,2018,670
DZSI,2017,629
DZSI,2016,622
DZSI,2015,246
DZSI,2014,277
DZSI,2013,283
TFPM,2023,0
TFPM,2022,0
