Year,incorporated_country,Primary activity,Primary sector,Market_Cap_USD,Third_party_verification,Revenue_USD,ebitda_USD,grossProfit_USD,netIncome_USD,cashAndCashEquivalents_USD,shortTermInvestments_USD,longTermInvestments_USD,totalAssets_USD,totalLiabilities_USD,totalInvestments_USD,totalDebt_USD,totalEquity_USD,Scope_3_emissions_type,Scope_3_emissions_amount,country_ghg_avg,country_population_avg,country_gdp_avg,random_normal,random_uniform
2018,United Kingdom,Insurance,Financial services,18800104598.09,Third-party verification or assurance process in place,28284170000.0,256540000.0,28284170000.0,1991360000.0,20226020000.0,18415000000.0,70730110000.0,545491670000.0,11644630000.0,89145110000.0,13606780000.0,23437850000.0,Other (downstream),252.0,428.7667262376237,67346924.78373283,3038320070320.4893,-1.0197347036679028,0.6746504924993615
2018,United Kingdom,REIT,Financial services,6501390821.17,Third-party verification or assurance process in place,1148080000.0,-302260000.0,641350000.0,-369570000.0,307340000.0,-195580000.0,3597910000.0,15565120000.0,4530090000.0,3402330000.0,3966210000.0,11035030000.0,Other (downstream),2914903.0,428.7667262376237,67346924.78373283,3038320070320.4893,0.2834471773267503,0.664056671724872
2018,United Kingdom,Water supply networks,Non-energy utilities,6382551457.63,Third-party verification or assurance process in place,2309495000.0,1373505000.0,2099945000.0,461518000.0,5969000.0,424942000.0,114935000.0,16748506000.0,12797790000.0,539877000.0,9926066000.0,3950716000.0,Other (downstream),23048.0,428.7667262376237,67346924.78373283,3038320070320.4893,1.1940912452194214,0.963947794867822
2018,USA,Banks,Financial services,10853020000.0,Third-party verification or assurance process in place,3328000000.0,1922000000.0,3328000000.0,1235000000.0,4561000000.0,12179000000.0,12179000000.0,70818000000.0,63311000000.0,24358000000.0,6507000000.0,7507000000.0,Other (downstream),203.0,5260.920556805897,331524312.67345613,23838586403358.613,0.1492929838621749,0.8797584822103124
2018,USA,Computer hardware,Electrical & electronic equipment,31835760000.0,Third-party verification or assurance process in place,58472000000.0,5102000000.0,10669000000.0,5327000000.0,5166000000.0,711000000.0,53000000.0,34622000000.0,35261000000.0,764000000.0,5987000000.0,-639000000.0,Other (downstream),1250000.0,5260.920556805897,331524312.67345613,23838586403358.613,1.0100253370646952,0.20232138129128252
2018,USA,Other food processing,Food & beverage processing,155334880000.0,Third-party verification or assurance process in place,64661000000.0,13113000000.0,35280000000.0,12515000000.0,8721000000.0,272000000.0,2409000000.0,77648000000.0,63046000000.0,2681000000.0,32321000000.0,14602000000.0,Other (downstream),1282850.0,5260.920556805897,331524312.67345613,23838586403358.613,0.5196441813791551,0.2162457684864859
2018,USA,Banks,Financial services,53194050000.0,Third-party verification or assurance process in place,17132000000.0,10373000000.0,15211000000.0,5301000000.0,16501000000.0,63389000000.0,95595000000.0,382315000000.0,334545000000.0,96942000000.0,57419000000.0,47770000000.0,Other (downstream),1494.0,5260.920556805897,331524312.67345613,23838586403358.613,0.6062401273494019,0.6498055778193672
2018,Spain,Passenger airlines,Air transport,12627243243.36,Third-party verification or assurance process in place,26358480000.0,5384880000.0,7386120000.000001,3115800000.0,4098600000.000001,2631960000.0,-2512080000.0,30276720000.000004,23019120000.0,119880000.0,8109720000.000001,7257600000.000001,Other (downstream),21960.0,284.0074776923077,47526614.02688638,1448411888707.506,-1.4993260828039348,0.2503976627437098
2018,Netherlands,Specialty chemicals,Chemicals,13587031100.160002,Third-party verification or assurance process in place,10008360000.0,1871640000.0,3677400000.000001,1163160000.0,1383480000.0,1379160000.0,-970920000.0,14732280000.000002,6292080000.0,408240000.0,2864160000.0,8440200000.000001,Other (downstream),250000.0,186.69980352941172,17538463.921675775,1013827745262.8716,0.6504102564043823,0.5655997975461182
2018,China,Coal generation,Thermal power generation,9074777400.0,No third-party verification or assurance,1509560000.0,1054820000.0,796640000.0,396630000.0,4420000.0,7930000.0,73840000.0,14026220000.0,7689630000.0,73840000.0,5455450000.0,6336590000.0,Other (downstream),5.0,13105.52896153846,1409865393.8906753,16321982554241.91,-0.4133331131910468,0.43546707322551725
2018,France,Electrical equipment,Electrical & electronic equipment,6084606196.08,Third-party verification or assurance process in place,7357176000.000001,841320000.0,883764000.0,452520000.0,661716000.0,281556000.0,73332000.0,7642620000.000001,5151492000.0,354888000.0,2640492000.0,2491128000.0,Other (downstream),62596.0,412.74037668711657,67752654.7736665,2835402430390.976,-1.36512965391498,0.7991986761420418
2018,Japan,Banks,Financial services,8997915780.1152,Third-party verification or assurance process in place,6413561600.0,92748800.0,916544000.0,-642828800.0,20875961600.0,-3681344000.0,66532940800.0,262204409600.0,245047334400.0,66532940800.0,58725324800.0,17157075200.0,Other (downstream),3.0,1173.0443633886498,125807702.91975002,4772504184563.338,1.2269901637904732,0.38828285066462276
2018,Australia,Other containers & packaging,Light manufacturing,2292772594.2000003,No third-party verification or assurance,2803680000.0,290268000.0,532620000.0,140052000.0,57816000.0,6468000.0,4158000.0,2387286000.0,1311156000.0,10626000.0,498366000.0,1076130000.0,Other (downstream),1769.0,545.0793694980695,25821385.088685017,1553189061242.5532,-1.6532435394883958,0.1486681903174526
2018,South Korea,Non-residential building construction,Construction,2436582109.5,Third-party verification or assurance process in place,9460348504.7472,848747472.2712001,1171847070.072,419111039.448,1146685784.9904,279022320.0,424521411.3864,8663958225.1656,6054184381.435201,703543731.3864001,1514172543.8400002,2609773843.7304,Other (downstream),135869.0,672.3585055183946,51724004.38843648,1705161991546.3752,-0.29437659706896374,0.05194855727214165
2018,South Korea,Batteries,Electrical & electronic equipment,10317497357.52,Third-party verification or assurance process in place,6593956167.564,1174403390.7096,1468860427.0944002,504839762.5896,1091941593.8256,103714249.68,5735163246.566401,13931799252.429602,5129641416.7728,5838877496.246401,2342643631.92,8802157835.656801,Other (downstream),7033734.0,672.3585055183946,51724004.38843648,1705161991546.3752,-0.24268893739129455,0.8708971541277191
2019,USA,Banks,Financial services,10079166632.0,Third-party verification or assurance process in place,3343000000.0,1646000000.0,3343000000.0,1198000000.0,5818000000.0,12553000000.0,12553000000.0,73402000000.0,66075000000.0,25106000000.0,7340000000.0,7327000000.0,Other (downstream),181.0,5260.920556805897,331524312.67345613,23838586403358.613,-0.7139664938568695,0.7704111169864823
2019,USA,Toys & games,Leisure & home manufacturing,14433366596.0,Third-party verification or assurance process in place,4720227000.0,743347000.0,2497829000.0,520454000.0,4580369000.0,25518000.0,250498000.0,8855628000.0,5860098000.0,276016000.0,4046960000.0,2995530000.0,Other (downstream),447984.0,5260.920556805897,331524312.67345613,23838586403358.613,-0.7655818895955325,0.7187733519061952
2019,USA,Other food processing,Food & beverage processing,189971299999.0,Third-party verification or assurance process in place,67161000000.0,12879000000.0,37029000000.0,7314000000.0,5509000000.0,229000000.0,2683000000.0,78547000000.0,63679000000.0,2912000000.0,32068000000.0,14868000000.0,Other (downstream),1282850.0,5260.920556805897,331524312.67345613,23838586403358.613,0.8116330672615448,0.4722356285253425
2019,USA,Banks,Financial services,68481270000.0,Third-party verification or assurance process in place,17827000000.0,7746000000.0,15783000000.0,5369000000.0,28474000000.0,69163000000.0,100558000000.0,410295000000.0,360952000000.0,169721000000.0,60263000000.0,49343000000.0,Other (downstream),1066.0,5260.920556805897,331524312.67345613,23838586403358.613,0.7131430863726763,0.056952553504339254
2019,Italy,Apparel & footwear design,Apparel design,3416138164.44,Third-party verification or assurance process in place,1487441880.0,371375280.0,964973520.0,94263480.0,240118560.00000003,109080.0,42218280.0,1991388240.0,1143302040.0,18294120.0,782340120.0,848086200.0,Other (downstream),14.27,358.702243902439,59362275.59633028,2112505655014.1377,-0.39323762663792144,0.5814195139033203
2019,Spain,Passenger airlines,Air transport,13392588727.44,Third-party verification or assurance process in place,27546480000.0,5403240000.0,7295400000.000001,1852200000.0,4342680000.0,2786400000.0,-2664360000.0,38513880000.0,31138560000.000004,122040000.0,15394320000.000002,7375320000.000001,Other (downstream),22571.0,284.0074776923077,47526614.02688638,1448411888707.506,0.9800600635450164,0.10149204459654171
2019,France,Specialist retail,Discretionary retail,630131886.0,Third-party verification or assurance process in place,1364791680.0,279618480.0,905730120.0,64235160.00000001,102029760.0,17280.0,16931160.0,2028628800.0,1345579560.0,16948440.0,971333640.0,683049240.0,Other (downstream),143753.0,412.74037668711657,67752654.7736665,2835402430390.976,-1.2678572046344623,0.4106367769287881
2019,Japan,Banks,Financial services,11386232163.6672,Third-party verification or assurance process in place,6865913600.0,1573708800.0,1526016000.0,1388787200.0,24799667200.0,-4371577600.0,80912147200.0,281598816000.0,264118726400.0,80912147200.0,65102521600.0,17480089600.0,Other (downstream),95.0,1173.0443633886498,125807702.91975002,4772504184563.338,-0.39954009391421774,0.20537888602066667
2019,Brazil,Oil & gas marketing & retailing,Oil & gas retailing,4659889771.6,Third-party verification or assurance process in place,16966615250.0,668854150.0,1161064540.0,70969940.0,401922010.0,587140280.0,130743750.0,5927139680.0,4058456430.0,717884030.0,3037210800.0,1868683250.0,Other (downstream),470.85,1582.911662469136,208969626.7464789,1851824895923.1536,0.7280345093946811,0.24104004952302727
2019,Australia,Other containers & packaging,Light manufacturing,2549808798.9,No third-party verification or assurance,2237532000.0,222420000.0,452760000.0,76890000.0,46398000.0,2640000.0,2838000.0,2586012000.0,1500642000.0,5478000.0,633798000.0,1085370000.0,Other (downstream),1810.0,545.0793694980695,25821385.088685017,1553189061242.5532,0.394589198127536,0.04740576750421388
2019,South Korea,Non-residential building construction,Construction,1771305517.1880002,Third-party verification or assurance process in place,7499944225.3104,819433899.5832001,1006464833.8344,319219508.86560005,1290928674.132,165622037.04000002,363667555.6488,9483268128.8184,6500288412.165601,529289592.6888,2375428271.04,2982979716.6528,Other (downstream),131322.34,672.3585055183946,51724004.38843648,1705161991546.3752,-0.6991982629068142,0.059905576836857266
2019,Portugal,Automobiles,Transportation equipment,130788000.0,Third-party verification or assurance process in place,502328039.4,49139835.84,99738098.28,12521502.72,13709135.52,-15428559.24,19666451.16,335339151.12,181073481.48,4237891.92,47772062.28,154265669.64000002,Other (downstream),7868.9,54.95941100917431,10388983.6625,254930864059.72504,0.3583449990424784,0.7450337392315235
2020,USA,Banks,Financial services,7820400000.0,Third-party verification or assurance process in place,2912000000.0,699000000.0,2912000000.0,497000000.0,15767000000.0,15200000000.0,15200000000.0,88129000000.0,5728000000.0,30400000000.0,5728000000.0,8050000000.0,Other (downstream),171.0,5260.920556805897,331524312.67345613,23838586403358.613,1.3582388931210534,0.27290898805880615
2020,USA,Computer hardware,Electrical & electronic equipment,31598150000.0,Third-party verification or assurance process in place,56639000000.0,5207000000.0,10437000000.0,2815000000.0,4864000000.0,274000000.0,58000000.0,34681000000.0,36909000000.0,332000000.0,6217000000.0,-2228000000.0,Other (downstream),1460000.0,5260.920556805897,331524312.67345613,23838586403358.613,-1.0217072994454857,0.38130447630606124
2020,USA,Banks,Financial services,63474000000.0,Third-party verification or assurance process in place,16901000000.0,9440000000.0,14899000000.0,3003000000.0,92190000000.0,87358000000.0,94851000000.0,466679000000.0,37195000000.0,182209000000.0,37195000000.0,54041000000.0,Other (downstream),1075.0,5260.920556805897,331524312.67345613,23838586403358.613,0.02955992748127567,0.4367602353103369
2020,USA,Banks,Financial services,15491320000.0,No third-party verification or assurance,6275000000.0,1735000000.0,6275000000.0,1094000000.0,17956000000.0,27154000000.0,29493000000.0,147389000000.0,3569000000.0,56647000000.0,3569000000.0,18111000000.0,Other (downstream),1000000.0,5260.920556805897,331524312.67345613,23838586403358.613,0.2775541109378565,0.8439502995613608
2020,USA,Electronic components,Electrical & electronic equipment,19960605990.0,No third-party verification or assurance,3121469000.0,1041948000.0,1785741000.0,784147000.0,914121000.0,522280000.0,117980000.0,3652346000.0,1445328000.0,640260000.0,472757000.0,2207018000.0,Other (downstream),464.0,5260.920556805897,331524312.67345613,23838586403358.613,0.22954977596471873,0.9982692829968643
2020,USA,REIT,Financial services,18373767760.0,Third-party verification or assurance process in place,3795357000.0,1723059000.0,1855599000.0,439149000.0,413327000.0,237553000.0,443688000.0,23929404000.0,13651213000.0,681241000.0,12105329000.0,10278191000.0,Other (downstream),3919.0,5260.920556805897,331524312.67345613,23838586403358.613,1.0509139695713663,0.32179763252040516
2020,China,Electronic components,Electrical & electronic equipment,2795970321.0,Third-party verification or assurance process in place,32516806781.0,624042338.0,1099214182.0,290218683.0,2762934613.0,69602874.0,332421990.0,14474696638.0,10879017488.0,402024864.0,3578673077.0,3595679150.0,Other (downstream),12682.128,13105.52896153846,1409865393.8906753,16321982554241.91,-1.3508334945811038,0.8309941900753272
2020,Brazil,Oil & gas marketing & retailing,Oil & gas retailing,4401521851.2,Third-party verification or assurance process in place,15435809380.0,647383010.0,1066448720.0,169742770.0,505683860.0,956319020.0,217528910.0,6887530780.0,5004580430.0,1173847930.0,3650510850.0,1882950350.0,Other (downstream),525.41,1582.911662469136,208969626.7464789,1851824895923.1536,0.31773032664161704,0.5244818110576496
2020,Sweden,Communications equipment,Electrical & electronic equipment,30869862400.0,Third-party verification or assurance process in place,22077050000.0,3471680000.0,8903780000.0,1660885000.0,4143140000.0,647900000.0,2778560000.0,25795350000.0,17703535000.0,3426460000.0,3748700000.0,8091815000.0,Other (downstream),5000000.0,14.154347482014389,10389436.106878309,574448336966.574,-1.9145039726625448,0.0968477934332651
2020,Australia,Other containers & packaging,Light manufacturing,1716560002.74,No third-party verification or assurance,2353692000.0,226248000.0,431112000.0,44352000.0,70818000.0,660000.0,594000.0,1695672000.0,1015740000.0,1254000.0,448008000.0,679932000.0,Other (downstream),1806.0,545.0793694980695,25821385.088685017,1553189061242.5532,1.1346499795611804,0.3359329606188157
2020,South Korea,Non-residential building construction,Construction,2160544881.6,Third-party verification or assurance process in place,7288510202.964001,670538721.5064,1105263073.4472,224420523.768,1525621804.056,185666366.16000003,511264221.8616,9914888080.015202,6810164572.6728,696930588.0216,2741281044.48,3104723507.3424,Other (downstream),107892.07,672.3585055183946,51724004.38843648,1705161991546.3752,0.5837742765912431,0.07621835428451507
2020,Portugal,Automobiles,Transportation equipment,113400000.0,Third-party verification or assurance process in place,386463569.04,30359860.56,88789770.0,5016304.08,12352550.760000002,-12758821.92,59549213.88,329297375.16,170548236.72,46790391.96,47795623.56,158749138.44,Other (downstream),7868.9,54.95941100917431,10388983.6625,254930864059.72504,-0.10637634072303741,0.004428415859948465
2021,Germany,Insurance,Financial services,21794103768.960003,No third-party verification or assurance,28240927560.0,1955865960.0,28240927560.0,1329840720.0,1463523120.0,49930476840.0,54643411080.0,89534432160.0,75757702680.0,104573887920.0,4719875400.0,13776729480.0,Other (downstream),62.0,785.8829151197605,83266019.01061712,4185212361474.664,0.13547110182502808,0.5152886329297297
2021,USA,Banks,Financial services,11397000000.0,Third-party verification or assurance process in place,2967000000.0,1589000000.0,2967000000.0,1168000000.0,22679000000.0,17183000000.0,17183000000.0,94616000000.0,86719000000.0,34366000000.0,2796000000.0,7897000000.0,Other (downstream),241.0,5260.920556805897,331524312.67345613,23838586403358.613,-1.9980834303303063,0.9743153934833286
2021,USA,Computer hardware,Electrical & electronic equipment,40721270000.0,Third-party verification or assurance process in place,63487000000.0,6713000000.0,13417000000.0,6541000000.0,4299000000.0,5000000.0,-2917000000.0,38610000000.0,40260000000.0,5000000.0,7492000000.0,-1650000000.0,Other (downstream),1540000.0,5260.920556805897,331524312.67345613,23838586403358.613,-0.24737957976238628,0.8901221108032644
2021,USA,Banks,Financial services,84218400000.0,Third-party verification or assurance process in place,19135000000.0,8710000000.0,16784000000.0,5674000000.0,82254000000.0,131536000000.0,141142000000.0,558448000000.0,30784000000.0,272678000000.0,30784000000.0,55726000000.0,Other (downstream),727.0,5260.920556805897,331524312.67345613,23838586403358.613,0.18145289750433774,0.19505899416660177
2021,Norway,Marine freight,Marine transport,2650888800.0,No third-party verification or assurance,1038367000.0,270742000.0,331534000.0,-33207000.0,73477000.0,15594000.0,163876000.0,2073130000.0,1524541000.0,179470000.0,1390489000.0,548589000.0,Other (downstream),21.0,40.66189346405229,5416139.548523207,473684497572.002,-0.8362989279007038,0.4109335644797386
2021,South Africa,"Supermarkets, food & drugstores",Convenience retail,1705916623.724,Third-party verification or assurance process in place,6780846500.0,311528700.0,814027000.0,120071500.0,87163800.0,-313574500.0,319356800.0,2759540400.0,2315448100.0,5782300.0,1287841700.0,444092300.0,Other (downstream),36758.0,549.172781983471,61141042.93609022,390173028492.6584,0.7986371437535311,0.15563746132759282
2021,France,Specialist retail,Discretionary retail,1657659828.96,Third-party verification or assurance process in place,8686008000.0,670680000.0,919836000.0,173124000.0,1275588000.0,10152000.0,44064000.0,7516692000.000001,5828004000.0,44064000.0,2229552000.0,1688687998.92,Other (downstream),134000.0,412.74037668711657,67752654.7736665,2835402430390.976,0.3860722708376383,0.4100470901259402
2021,Brazil,Oil & gas marketing & retailing,Oil & gas retailing,2801276400.0,Third-party verification or assurance process in place,20849239980.0,541227920.0,931926440.0,161587970.0,433214060.0,342783180.0,86995300.0,7411967830.0,5422812230.0,429778480.0,3368602720.0,1989155600.0,Other (downstream),134.29,1582.911662469136,208969626.7464789,1851824895923.1536,-0.35887068036707365,0.9865605414980024
2021,Australia,Insurance,Financial services,2175768711.6,Third-party verification or assurance process in place,1087020000.0,-150480000.0,1486980000.0,-166320000.0,1924560000.0,2211000000.0,15698100000.0,21254640000.0,18625860000.0,15698100000.0,17326320000.0,2628780000.0,Other (downstream),1038.0,545.0793694980695,25821385.088685017,1553189061242.5532,0.036999245433746615,0.6697838942465388
2021,Finland,Real estate owners & developers,Land & property ownership & development,1316437920.0,Third-party verification or assurance process in place,315684000.0,222372000.0,218376000.0,104436000.0,50436000.0,-1080000.0,140724000.0,5187240000.0,2498580000.0,139644000.0,2028672000.0,2688660000.0,Other (downstream),131762.0,41.45573125,5544297.456747405,281298370426.57043,0.2533656327138503,0.35375536979777933
2021,Portugal,Automobiles,Transportation equipment,108864000.0,Third-party verification or assurance process in place,436491429.48,40626974.52,102887626.68,12630605.4,23892580.8,-11709985.32,64198683.00000001,363867626.52,201940801.92,52488697.68000001,51468486.48,161926824.60000002,Other (downstream),7018.86,54.95941100917431,10388983.6625,254930864059.72504,0.660942093345564,0.6755618030010753
2022,United Kingdom,Asset managers,Financial services,4162801843.29,Third-party verification or assurance process in place,852932000.0,418338000.0,829818000.0,356362000.0,1216025000.0,5969000.0,8971788000.0,11496675000.0,8899271000.0,8977757000.0,7867396000.0,2597404000.0,Other (downstream),234102.0,428.7667262376237,67346924.78373283,3038320070320.4893,-0.07184291288054655,0.7744084293528519
2022,USA,Banks,Financial services,8755134657.0,Third-party verification or assurance process in place,3534000000.0,1774000000.0,3534000000.0,1151000000.0,6282000000.0,19169000000.0,19169000000.0,85406000000.0,80225000000.0,38338000000.0,6235000000.0,5181000000.0,Other (downstream),222.0,5260.920556805897,331524312.67345613,23838586403358.613,-0.11553300896914562,0.49629650386181123
2022,USA,Other food processing,Food & beverage processing,248768820000.0,Third-party verification or assurance process in place,86403000000.0,14629000000.0,46122000000.0,8910000000.0,4954000000.0,394000000.0,3073000000.0,92187000000.0,74914000000.0,3467000000.0,39071000000.0,17273000000.0,Other (downstream),3916710.0,5260.920556805897,331524312.67345613,23838586403358.613,0.699327270906153,0.7860996945119744
2022,USA,Banks,Financial services,63807760000.0,Third-party verification or assurance process in place,21114000000.0,10168000000.0,18727000000.0,6041000000.0,34363000000.0,44159000000.0,147771000000.0,557263000000.0,511451000000.0,278668000000.0,58713000000.0,45812000000.0,Other (downstream),720.0,5260.920556805897,331524312.67345613,23838586403358.613,2.102611591918613,0.04316796767036779
2022,USA,REIT,Financial services,18004457750.0,Third-party verification or assurance process in place,4129193000.0,1651876000.0,1846275000.0,-40931000.0,122564000.0,537075000.0,579949000.0,24157840000.0,13936163000.0,1117024000.0,12915450000.0,10221677000.0,Other (downstream),2407.0,5260.920556805897,331524312.67345613,23838586403358.613,-0.09338549667985907,0.4516083537979736
2022,USA,REIT,Financial services,29014602379.0,Third-party verification or assurance process in place,4691834000.0,2258588000.0,2690387000.0,377684000.0,141773000.0,17120000.0,1991426000.0,41484998000.0,21862853000.0,1991426000.0,18067847000.0,19622145000.0,Other (downstream),347308.0,5260.920556805897,331524312.67345613,23838586403358.613,0.3475900327889258,0.1239562227670522
2022,Canada,Insurance,Financial services,33108201000.0,Third-party verification or assurance process in place,11157320000.0,7764280000.0,11157320000.0,5243590000.0,13981690000.0,128489490000.0,166018790000.0,619726930000.0,578570260000.0,294508280000.0,9019880000.0,41156670000.0,Other (downstream),195330.0,751.310896892139,38467359.54422311,1933183367031.843,-0.694827189131106,0.8061581301351175
2022,France,Biotechnology,Biotech & pharma,8969663217.6,Third-party verification or assurance process in place,3267000000.0,1457244000.0,2697084000.0,700488000.0,1262844000.0,33480000.000000004,147204000.0,6056532000.0,2452896000.0,147204000.0,833328000.0,3603636000.0,Other (downstream),2017.0,412.74037668711657,67752654.7736665,2835402430390.976,0.4473484011118228,0.5271583454525989
2022,France,Hotels & lodging,"Bars, hotels & restaurants",528924015.72,No third-party verification or assurance,1741298040.0,564857278.9200001,613957320.0,314382600.0,507962880.00000006,106377840.0,62598960.00000001,4212588600.000001,4596610680.0,62598960.00000001,3460612680.0,-384022080.0,Other (downstream),320012.0,412.74037668711657,67752654.7736665,2835402430390.976,0.8999874381551815,0.6470821664856955
2022,France,Specialist retail,Discretionary retail,994196302.56,Third-party verification or assurance process in place,8585352000.000001,626076000.0,926532000.0,-34560000.0,1006236000.0,20628000.0,50220000.0,7286652000.000001,5642244000.0,50220000.0,2243484000.0,1644408000.0,Other (downstream),634024.0,412.74037668711657,67752654.7736665,2835402430390.976,-0.8753429819927987,0.2757925684260477
2022,Japan,"Supermarkets, food & drugstores",Convenience retail,95981921309.952,Third-party verification or assurance process in place,75592332800.0,6393433600.0,21169184000.0,1798246400.0,10693580800.0,147200000.0,4548371200.0,67526118400.0,44177913600.0,1556576000.0,25165945600.0,23348204800.0,Other (downstream),15443.0,1173.0443633886498,125807702.91975002,4772504184563.338,0.6451607365767577,0.6468924528256518
2022,South Africa,"Supermarkets, food & drugstores",Convenience retail,1157817475.538,Third-party verification or assurance process in place,7187282300.0,315032000.0,863847000.0,114056000.0,58978400.0,-309504100.0,317263300.0,3027264600.0,2496782300.0,7759200.0,1369149000.0,530482300.0,Other (downstream),38906.38,549.172781983471,61141042.93609022,390173028492.6584,-0.38125882658629767,0.5096100991175838
2022,Norway,Marine freight,Marine transport,7018184000.0,No third-party verification or assurance,1309545000.0,407717000.0,444021000.0,141609000.0,115667000.0,12935000.0,154856000.0,2008719000.0,1311500000.0,167791000.0,1177141000.0,697219000.0,Other (downstream),15.1,40.66189346405229,5416139.548523207,473684497572.002,-0.1568212955874873,0.24162330128759169
2022,Brazil,Oil & gas marketing & retailing,Oil & gas retailing,2529111677.29,Third-party verification or assurance process in place,27290594520.0,907697830.0,1398105690.0,342159410.0,1068136110.0,98866880.0,105302750.0,6923790570.0,4610546650.0,204169630.0,2522748180.0,2313243920.0,Other (downstream),52.86,1582.911662469136,208969626.7464789,1851824895923.1536,-1.1430518890331889,0.7712232863624623
2022,Finland,Real estate owners & developers,Land & property ownership & development,1135814400.0,Third-party verification or assurance process in place,325620000.0,78516000.0,219996000.0,5724000.0,67716000.0,-3024000.0,114804000.0,4817556000.0,2322432000.0,111780000.0,1952316000.0,2495124000.0,Other (downstream),112262.0,41.45573125,5544297.456747405,281298370426.57043,2.1803146544389924,0.5181263209753334
2022,Portugal,Automobiles,Transportation equipment,142127998.92000002,Third-party verification or assurance process in place,518644487.16,41241019.32,127418740.2,15878018.52,12203726.760000002,-10413207.72,58816482.48,348599147.04,174214524.60000002,48403274.760000005,58518982.440000005,174384622.44,Other (downstream),9771.0,54.95941100917431,10388983.6625,254930864059.72504,-1.2648446726778322,0.8452653397036369
2022,Peru,Banks,Financial services,2913154073.6400003,Third-party verification or assurance process in place,4682662920.0,2948477760.0,4682662920.0,1254910860.0,9210111750.0,8013076470.000001,11415165300.0,63923474430.00001,55936953000.0,20982558330.0,7022923290.0,7986521430.000001,Other (downstream),154.32,163.0054157894737,33004030.225,233113335634.37543,-0.2249646103971746,0.3872645773878308
2023,Japan,"Supermarkets, food & drugstores",Convenience retail,208931680.9536,Third-party verification or assurance process in place,75592332800.0,6393433600.0,21169184000.0,1798246400.0,10693580800.0,147200000.0,1409376000.0,67526118400.0,44177913600.0,1556576000.0,25165945600.0,23348204800.0,Other (downstream),13893.0,1173.0443633886498,125807702.91975002,4772504184563.338,-0.554156993063262,0.6050941514676317
2023,Spain,Banks,Financial services,5970267865.08,Third-party verification or assurance process in place,4944360960.0,122735520.0,4944360960.0,912369960.0,17394764040.0,-31276756800.000004,767999880.0,122052573360.00002,116303798160.00002,767999880.0,21749085360.0,5748775200.0,Other (downstream),2031192.0,284.0074776923077,47526614.02688638,1448411888707.506,-0.7633323764298326,0.7774294067451132
2023,USA,Banks,Financial services,7361241667.0,Third-party verification or assurance process in place,5295000000.0,-4000000.0,5295000000.0,881000000.0,9502000000.0,1189000000.0,8458000000.0,85834000000.0,79428000000.0,8458000000.0,9771000000.0,6406000000.0,Other (downstream),210.6,5260.920556805897,331524312.67345613,23838586403358.613,0.5123733296449969,0.48598425654669075
2023,USA,Other food processing,Food & beverage processing,233360160000.0,Third-party verification or assurance process in place,91468000000.0,17035000000.0,49828000000.0,9074000000.0,9711000000.0,292000000.0,4330000000.0,100495000000.0,81858000000.0,4822000000.0,44661000000.0,18637000000.0,Other (downstream),3614778.0,5260.920556805897,331524312.67345613,23838586403358.613,0.12257815544860017,0.3431372885378894
2023,USA,Banks,Financial services,61940000000.0,Third-party verification or assurance process in place,21509000000.0,18747000000.0,19116000000.0,5578000000.0,50725000000.0,10738000000.0,140883000000.0,561580000000.0,72737000000.0,41785000000.0,72737000000.0,51141000000.0,Other (downstream),1229.0,5260.920556805897,331524312.67345613,23838586403358.613,0.15665575515613847,0.6774640156448376
2023,USA,Computer hardware,Electrical & electronic equipment,29939550000.0,Third-party verification or assurance process in place,53718000000.0,5840000000.0,11508000000.0,3263000000.0,3232000000.0,3336000000.0,-3155000000.0,37004000000.0,38073000000.0,181000000.0,9484000000.0,-1069000000.0,Other (downstream),1280000.0,5260.920556805897,331524312.67345613,23838586403358.613,-0.29439160186920943,0.8375321092555341
2023,Canada,Insurance,Financial services,38687664000.0,Third-party verification or assurance process in place,26599740000.0,56210000.0,26599740000.0,3987990000.0,10348480000.0,4498260000.0,77375620000.0,608033790000.0,572463080000.0,81873880000.0,9298740000.0,35383100000.0,Other (downstream),482445.0,751.310896892139,38467359.54422311,1933183367031.843,-0.08759821847126625,0.6729298190104552
2023,India,Iron & steel,"Metal smelting, refining & forming",20600499460.032,Third-party verification or assurance process in place,27500493600.0,2676708000.0,11143596000.0,-532492800.0,1041326400.0,87746400.0,896840400.0,32810820000.0,21718891200.0,984586800.0,10449854400.0,11091928800.0,Other (downstream),7815.0,3265.433642651297,1410932019.113664,3105398375524.2534,-0.18661124601320567,0.7902985614333237
2023,France,Real estate owners & developers,Land & property ownership & development,2908613682.36,Third-party verification or assurance process in place,1789452000.0,302832000.0,501876000.00000006,-1212192000.0,1749816000.0,272376000.0,222912000.0,12529080000.0,7055964000.0,222912000.0,5538024000.0,5473116000.0,Other (downstream),79295.0,412.74037668711657,67752654.7736665,2835402430390.976,0.127768008916098,0.47619850868517677
2023,France,Specialist retail,Discretionary retail,808476381.36,Third-party verification or assurance process in place,8505000000.000001,69336000.0,2570400000.0,53676000.0,1210680000.0,24192000.0,24840000.0,7576200000.000001,5915160000.0,24840000.0,2232360000.0,1662120000.0,Other (downstream),481572.0,412.74037668711657,67752654.7736665,2835402430390.976,-0.7115312526693427,0.794821681401447
2023,Brazil,Oil & gas marketing & retailing,Oil & gas retailing,5442787585.31,Third-party verification or assurance process in place,23949253190.0,1176693560.0,1770464080.0,463561050.0,1125880720.0,55657460.0,860677770.0,7397571720.0,4731904780.0,916335230.0,2525470690.0,2665666940.0,Other (downstream),56.2,1582.911662469136,208969626.7464789,1851824895923.1536,0.7447742527058675,0.8772388319034754
2023,Portugal,Automobiles,Transportation equipment,189000000.0,Third-party verification or assurance process in place,552496282.5600001,52287074.64,136112272.56,18488703.6,26813283.12,-10033991.64,65462480.64,491937810.84,308307554.64000005,55428489.0,122285844.72,183630256.2,Other (downstream),30911.0,54.95941100917431,10388983.6625,254930864059.72504,0.027513866960992384,0.7047503766095075
2023,Austria,Electricity networks,Energy utility networks,5477073330.6,Third-party verification or assurance process in place,4070088000.000001,1179468000.0,1565028000.0,572076000.0,75816000.0,263088000.00000003,4845204000.0,11875680000.0,4894236000.0,5108292000.0,1648836000.0,6981444000.0,Other (downstream),1608292.78,78.29021150442479,8976157.513011152,468344867710.0653,0.6343738349059294,0.7788535565266914
